-- Superhive seed data — generated by scripts/convert-seed.ts
-- Do not edit by hand; re-run the script after editing mock.json

-- meta
INSERT INTO meta (key, value) VALUES ('currentWorkspaceId', 'acme');
INSERT INTO meta (key, value) VALUES ('seeded', '1');

-- workspaces
INSERT INTO workspaces (id, name, initials, avatarColor, created_at, retention_days, archived_at) VALUES ('acme', 'Acme Robotics', 'AR', 'bg-chart-1', '2026-01-01T00:00:00Z', 90, NULL);
INSERT INTO workspaces (id, name, initials, avatarColor, created_at, retention_days, archived_at) VALUES ('quantum', 'Quantum Labs', 'QL', 'bg-chart-2', '2026-01-01T00:00:00Z', 90, NULL);
INSERT INTO workspaces (id, name, initials, avatarColor, created_at, retention_days, archived_at) VALUES ('field', 'Field Operations', 'FO', 'bg-chart-3', '2026-01-01T00:00:00Z', 90, NULL);
INSERT INTO workspaces (id, name, initials, avatarColor, created_at, retention_days, archived_at) VALUES ('cs', 'Customer Success', 'CS', 'bg-chart-4', '2026-01-01T00:00:00Z', 90, NULL);

-- workspace_agents (empty at seed — agents join workspaces via project_agents in Phase 03)
INSERT INTO workspace_agents (workspace_id, agent_id, role, joined_at) VALUES ('acme', 'agent-elena', 'Robotics Engineer', '2026-01-01T00:00:00Z');
INSERT INTO workspace_agents (workspace_id, agent_id, role, joined_at) VALUES ('acme', 'agent-marcus', 'ML Engineer', '2026-01-01T00:00:00Z');
INSERT INTO workspace_agents (workspace_id, agent_id, role, joined_at) VALUES ('acme', 'agent-priya', 'DevOps Lead', '2026-01-01T00:00:00Z');
INSERT INTO workspace_agents (workspace_id, agent_id, role, joined_at) VALUES ('acme', 'agent-david', 'Perception Engineer', '2026-01-01T00:00:00Z');
INSERT INTO workspace_agents (workspace_id, agent_id, role, joined_at) VALUES ('acme', 'agent-noah', 'Fleet Coordinator', '2026-01-01T00:00:00Z');
INSERT INTO workspace_agents (workspace_id, agent_id, role, joined_at) VALUES ('acme', 'agent-fatima', 'QA Engineer', '2026-01-01T00:00:00Z');
INSERT INTO workspace_agents (workspace_id, agent_id, role, joined_at) VALUES ('acme', 'agent-james', 'Field Engineer', '2026-01-01T00:00:00Z');
INSERT INTO workspace_agents (workspace_id, agent_id, role, joined_at) VALUES ('acme', 'agent-takeshi', 'Security Engineer', '2026-01-01T00:00:00Z');
INSERT INTO workspace_agents (workspace_id, agent_id, role, joined_at) VALUES ('acme', 'agent-amelia', 'Product Manager', '2026-01-01T00:00:00Z');
INSERT INTO workspace_agents (workspace_id, agent_id, role, joined_at) VALUES ('quantum', 'agent-david', 'Perception Engineer', '2026-01-01T00:00:00Z');
INSERT INTO workspace_agents (workspace_id, agent_id, role, joined_at) VALUES ('quantum', 'agent-rafael', 'Hardware Engineer', '2026-01-01T00:00:00Z');
INSERT INTO workspace_agents (workspace_id, agent_id, role, joined_at) VALUES ('quantum', 'agent-priya', 'DevOps Lead', '2026-01-01T00:00:00Z');
INSERT INTO workspace_agents (workspace_id, agent_id, role, joined_at) VALUES ('quantum', 'agent-zara', 'Research Scientist', '2026-01-01T00:00:00Z');
INSERT INTO workspace_agents (workspace_id, agent_id, role, joined_at) VALUES ('quantum', 'agent-fatima', 'QA Engineer', '2026-01-01T00:00:00Z');
INSERT INTO workspace_agents (workspace_id, agent_id, role, joined_at) VALUES ('field', 'agent-james', 'Field Engineer', '2026-01-01T00:00:00Z');
INSERT INTO workspace_agents (workspace_id, agent_id, role, joined_at) VALUES ('field', 'agent-elena', 'Robotics Engineer', '2026-01-01T00:00:00Z');
INSERT INTO workspace_agents (workspace_id, agent_id, role, joined_at) VALUES ('cs', 'agent-luna', 'Customer Success Lead', '2026-01-01T00:00:00Z');
INSERT INTO workspace_agents (workspace_id, agent_id, role, joined_at) VALUES ('cs', 'agent-amelia', 'Product Manager', '2026-01-01T00:00:00Z');
INSERT INTO workspace_agents (workspace_id, agent_id, role, joined_at) VALUES ('cs', 'agent-fatima', 'QA Engineer', '2026-01-01T00:00:00Z');

-- project_agents
INSERT INTO project_agents (project_id, agent_id, role, current_status, assigned_ticket_id, joined_at, context_snapshot_path) VALUES ('proj-atlas', 'agent-elena', 'Robotics Engineer', 'WORKING', 'AT-101', '2026-01-01T00:00:00Z', NULL);
INSERT INTO project_agents (project_id, agent_id, role, current_status, assigned_ticket_id, joined_at, context_snapshot_path) VALUES ('proj-atlas', 'agent-marcus', 'ML Engineer', 'WORKING', 'AT-104', '2026-01-01T00:00:00Z', NULL);
INSERT INTO project_agents (project_id, agent_id, role, current_status, assigned_ticket_id, joined_at, context_snapshot_path) VALUES ('proj-atlas', 'agent-priya', 'DevOps Lead', 'COMPILING', 'AT-102', '2026-01-01T00:00:00Z', NULL);
INSERT INTO project_agents (project_id, agent_id, role, current_status, assigned_ticket_id, joined_at, context_snapshot_path) VALUES ('proj-atlas', 'agent-david', 'Perception Engineer', 'WORKING', 'AT-103', '2026-01-01T00:00:00Z', NULL);
INSERT INTO project_agents (project_id, agent_id, role, current_status, assigned_ticket_id, joined_at, context_snapshot_path) VALUES ('proj-beacon', 'agent-noah', 'Fleet Coordinator', 'WORKING', 'BC-101', '2026-01-01T00:00:00Z', NULL);
INSERT INTO project_agents (project_id, agent_id, role, current_status, assigned_ticket_id, joined_at, context_snapshot_path) VALUES ('proj-beacon', 'agent-james', 'Field Engineer', 'WORKING', 'BC-102', '2026-01-01T00:00:00Z', NULL);
INSERT INTO project_agents (project_id, agent_id, role, current_status, assigned_ticket_id, joined_at, context_snapshot_path) VALUES ('proj-beacon', 'agent-takeshi', 'Security Engineer', 'IDLE', 'BC-104', '2026-01-01T00:00:00Z', NULL);
INSERT INTO project_agents (project_id, agent_id, role, current_status, assigned_ticket_id, joined_at, context_snapshot_path) VALUES ('proj-cortex', 'agent-zara', 'Research Scientist', 'WORKING', 'CX-101', '2026-01-01T00:00:00Z', NULL);
INSERT INTO project_agents (project_id, agent_id, role, current_status, assigned_ticket_id, joined_at, context_snapshot_path) VALUES ('proj-cortex', 'agent-david', 'Perception Engineer', 'IDLE', 'CX-103', '2026-01-01T00:00:00Z', NULL);
INSERT INTO project_agents (project_id, agent_id, role, current_status, assigned_ticket_id, joined_at, context_snapshot_path) VALUES ('proj-cortex', 'agent-fatima', 'QA Engineer', 'COMPILING', 'CX-102', '2026-01-01T00:00:00Z', NULL);
INSERT INTO project_agents (project_id, agent_id, role, current_status, assigned_ticket_id, joined_at, context_snapshot_path) VALUES ('proj-pulse', 'agent-rafael', 'Hardware Engineer', 'COMPILING', 'PL-101', '2026-01-01T00:00:00Z', NULL);
INSERT INTO project_agents (project_id, agent_id, role, current_status, assigned_ticket_id, joined_at, context_snapshot_path) VALUES ('proj-pulse', 'agent-priya', 'DevOps Lead', 'IDLE', 'PL-102', '2026-01-01T00:00:00Z', NULL);
INSERT INTO project_agents (project_id, agent_id, role, current_status, assigned_ticket_id, joined_at, context_snapshot_path) VALUES ('proj-vanguard', 'agent-james', 'Field Engineer', 'WORKING', 'VG-101', '2026-01-01T00:00:00Z', NULL);
INSERT INTO project_agents (project_id, agent_id, role, current_status, assigned_ticket_id, joined_at, context_snapshot_path) VALUES ('proj-vanguard', 'agent-elena', 'Robotics Engineer', 'IDLE', 'VG-102', '2026-01-01T00:00:00Z', NULL);
INSERT INTO project_agents (project_id, agent_id, role, current_status, assigned_ticket_id, joined_at, context_snapshot_path) VALUES ('proj-helios', 'agent-luna', 'Customer Success Lead', 'WORKING', 'HL-101', '2026-01-01T00:00:00Z', NULL);
INSERT INTO project_agents (project_id, agent_id, role, current_status, assigned_ticket_id, joined_at, context_snapshot_path) VALUES ('proj-helios', 'agent-amelia', 'Product Manager', 'IDLE', 'HL-102', '2026-01-01T00:00:00Z', NULL);
INSERT INTO project_agents (project_id, agent_id, role, current_status, assigned_ticket_id, joined_at, context_snapshot_path) VALUES ('proj-helios', 'agent-fatima', 'QA Engineer', 'COMPILING', 'HL-103', '2026-01-01T00:00:00Z', NULL);

-- okf_bundles (one per project; dir created on demand by IPC handlers)
INSERT INTO okf_bundles (project_id, root_path, last_synced_at, entry_count) VALUES ('proj-atlas', '~/.superhive/okf/proj-atlas', NULL, 0);
INSERT INTO okf_bundles (project_id, root_path, last_synced_at, entry_count) VALUES ('proj-beacon', '~/.superhive/okf/proj-beacon', NULL, 0);
INSERT INTO okf_bundles (project_id, root_path, last_synced_at, entry_count) VALUES ('proj-cortex', '~/.superhive/okf/proj-cortex', NULL, 0);
INSERT INTO okf_bundles (project_id, root_path, last_synced_at, entry_count) VALUES ('proj-pulse', '~/.superhive/okf/proj-pulse', NULL, 0);
INSERT INTO okf_bundles (project_id, root_path, last_synced_at, entry_count) VALUES ('proj-vanguard', '~/.superhive/okf/proj-vanguard', NULL, 0);
INSERT INTO okf_bundles (project_id, root_path, last_synced_at, entry_count) VALUES ('proj-helios', '~/.superhive/okf/proj-helios', NULL, 0);

-- projects
INSERT INTO projects (id, workspaceId, data) VALUES ('proj-atlas', 'acme', '{"id":"proj-atlas","workspaceId":"acme","title":"Atlas Platform","description":"Ship the first public release of the Atlas humanoid platform — hardware, firmware, fleet coordination, and a customer-facing control plane.","successCriteria":"- 100 beta units shipped to pilot customers\n- p95 motion latency under 200ms\n- 99.5% uptime over rolling 30 days\n- OTA firmware updates verified end-to-end","color":"#0562EF","status":"ACTIVE","tickets":[{"id":"AT-101","title":"Calibrate ankle torque controller","status":"EXECUTING","assignedAgentId":"agent-elena"},{"id":"AT-102","title":"OTA firmware signing pipeline","status":"EXECUTING","assignedAgentId":"agent-priya"},{"id":"AT-103","title":"Vision-language-action benchmark suite","status":"EXECUTING","assignedAgentId":"agent-david"},{"id":"AT-104","title":"Battery thermal model v3","status":"TODO","assignedAgentId":"agent-marcus"},{"id":"AT-105","title":"Gripper force feedback tuning","status":"TODO","assignedAgentId":"agent-elena"},{"id":"AT-106","title":"Slam localization under low light","status":"REVIEW","assignedAgentId":"agent-david"},{"id":"AT-107","title":"Customer dashboard release notes","status":"DONE","assignedAgentId":"agent-marcus"},{"id":"AT-108","title":"Onboarding wizard for first-time operators","status":"DONE","assignedAgentId":"agent-elena"}],"agents":[{"id":"agent-elena","name":"Elena Rodriguez","role":"Robotics Engineer","currentStatus":"WORKING","assignedTicketId":"AT-101","initials":"ER"},{"id":"agent-marcus","name":"Marcus Webb","role":"ML Engineer","currentStatus":"WORKING","assignedTicketId":"AT-104","initials":"MW"},{"id":"agent-priya","name":"Priya Sharma","role":"DevOps Lead","currentStatus":"COMPILING","assignedTicketId":"AT-102","initials":"PS"},{"id":"agent-david","name":"David Kim","role":"Perception Engineer","currentStatus":"WORKING","assignedTicketId":"AT-103","initials":"DK"}],"channels":[{"id":"chan-atlas-launch","participants":["Elena Rodriguez","Marcus Webb","Priya Sharma"],"topic":"Atlas launch readiness","relatedTicketId":"AT-107","status":"OPEN","lastMessagePreview":"PR is up — Marcus, can you sanity-check the thermal thresholds?","messageCount":24,"updatedAt":"2026-06-28T09:14:00Z","unread":true},{"id":"chan-atlas-fw","participants":["Priya Sharma","Noah Chen","Takeshi Yamamoto"],"topic":"Firmware signing key rotation","relatedTicketId":"AT-102","status":"AWAITING_REPLY","lastMessagePreview":"Waiting on security sign-off before we can rotate keys in prod.","messageCount":11,"updatedAt":"2026-06-28T08:02:00Z"},{"id":"chan-atlas-perf","participants":["David Kim","Marcus Webb"],"topic":"p95 motion latency regression","relatedTicketId":"AT-106","status":"OPEN","lastMessagePreview":"Shadow run looks clean — bumping to 10% rollout.","messageCount":7,"updatedAt":"2026-06-27T22:41:00Z"},{"id":"chan-atlas-battery","participants":["Marcus Webb","Rafael Santos"],"topic":"Battery thermal model v3","relatedTicketId":"AT-104","status":"RESOLVED","lastMessagePreview":"Thermal model locked. Closing this out.","messageCount":19,"updatedAt":"2026-06-26T17:10:00Z"}],"activity":[{"id":"act-atlas-001","timestamp":"2026-06-28T09:14:00Z","primaryAgent":"Elena Rodriguez","action":"pushed branch","targetAgent":"Marcus Webb","context":"ankle-torque-v2 — needs thermal threshold sanity check"},{"id":"act-atlas-002","timestamp":"2026-06-28T08:55:00Z","primaryAgent":"Priya Sharma","action":"requested review from","targetAgent":"Takeshi Yamamoto","context":"OTA signing pipeline PR #482"},{"id":"act-atlas-003","timestamp":"2026-06-28T08:02:00Z","primaryAgent":"Noah Chen","action":"flagged blocker on","targetAgent":"Priya Sharma","context":"security sign-off needed for key rotation"},{"id":"act-atlas-004","timestamp":"2026-06-27T22:41:00Z","primaryAgent":"David Kim","action":"rolled out to","targetAgent":"Marcus Webb","context":"10% shadow traffic for AT-106"},{"id":"act-atlas-005","timestamp":"2026-06-27T18:12:00Z","primaryAgent":"Elena Rodriguez","action":"delegated subtask to","targetAgent":"Marcus Webb","context":"ankle torque thermal verification"},{"id":"act-atlas-006","timestamp":"2026-06-27T15:30:00Z","primaryAgent":"Marcus Webb","action":"approved PR","targetAgent":"David Kim","context":"slam-lowlight #477"},{"id":"act-atlas-007","timestamp":"2026-06-27T11:08:00Z","primaryAgent":"Priya Sharma","action":"marked blocked on","targetAgent":"Takeshi Yamamoto","context":"key rotation awaiting security approval"},{"id":"act-atlas-008","timestamp":"2026-06-26T17:10:00Z","primaryAgent":"Marcus Webb","action":"closed ticket","targetAgent":"Rafael Santos","context":"AT-104 thermal model v3 merged"},{"id":"act-atlas-009","timestamp":"2026-06-26T14:22:00Z","primaryAgent":"David Kim","action":"queued experiment for","targetAgent":"Elena Rodriguez","context":"vision-language-action sweep"},{"id":"act-atlas-010","timestamp":"2026-06-26T10:45:00Z","primaryAgent":"Elena Rodriguez","action":"split ticket into","targetAgent":"Marcus Webb","context":"AT-101 ankle calibration sub-tasks"},{"id":"act-atlas-011","timestamp":"2026-06-25T22:01:00Z","primaryAgent":"Priya Sharma","action":"deployed","targetAgent":"Elena Rodriguez","context":"AT-108 onboarding wizard to staging"},{"id":"act-atlas-012","timestamp":"2026-06-25T16:30:00Z","primaryAgent":"Marcus Webb","action":"reviewed","targetAgent":"David Kim","context":"vision-language-action benchmark PR"}]}');
INSERT INTO projects (id, workspaceId, data) VALUES ('proj-beacon', 'acme', '{"id":"proj-beacon","workspaceId":"acme","title":"Beacon Fleet","description":"Fleet coordination software that lets Atlas robots share state, divide tasks, and recover from peer failures in real time.","successCriteria":"- 50-robot fleet demo in pilot warehouse\n- Sub-second state propagation\n- Zero data loss on leader failover","color":"#50a878","status":"ACTIVE","tickets":[{"id":"BC-101","title":"Leader election under flaky network","status":"EXECUTING","assignedAgentId":"agent-noah"},{"id":"BC-102","title":"Shared SLAM map synchronization","status":"EXECUTING","assignedAgentId":"agent-james"},{"id":"BC-103","title":"Fleet dashboard rewrite in WebSocket","status":"TODO","assignedAgentId":"agent-james"},{"id":"BC-104","title":"Security audit for fleet API","status":"TODO","assignedAgentId":"agent-takeshi"},{"id":"BC-105","title":"Failover stress test report","status":"REVIEW","assignedAgentId":"agent-noah"},{"id":"BC-106","title":"Operator handoff playbook","status":"DONE","assignedAgentId":"agent-noah"}],"agents":[{"id":"agent-noah","name":"Noah Chen","role":"Fleet Coordinator","currentStatus":"WORKING","assignedTicketId":"BC-101","initials":"NC"},{"id":"agent-james","name":"James Okafor","role":"Field Engineer","currentStatus":"WORKING","assignedTicketId":"BC-102","initials":"JO"},{"id":"agent-takeshi","name":"Takeshi Yamamoto","role":"Security Engineer","currentStatus":"IDLE","assignedTicketId":"BC-104","initials":"TY"}],"channels":[{"id":"chan-beacon-lead","participants":["Noah Chen","James Okafor"],"topic":"Leader election under flaky network","relatedTicketId":"BC-101","status":"OPEN","lastMessagePreview":"Switched to Raft with 200ms heartbeat — replays are clean now.","messageCount":14,"updatedAt":"2026-06-28T07:33:00Z"},{"id":"chan-beacon-slam","participants":["James Okafor","David Kim"],"topic":"Shared SLAM map sync","relatedTicketId":"BC-102","status":"AWAITING_REPLY","lastMessagePreview":"Map diff bandwidth is 12% lower with delta encoding.","messageCount":9,"updatedAt":"2026-06-27T20:15:00Z"},{"id":"chan-beacon-sec","participants":["Takeshi Yamamoto","Noah Chen"],"topic":"Fleet API security review","relatedTicketId":"BC-104","status":"RESOLVED","lastMessagePreview":"Findings shipped, recommendations merged.","messageCount":6,"updatedAt":"2026-06-25T13:00:00Z"}],"activity":[{"id":"act-beacon-001","timestamp":"2026-06-28T07:33:00Z","primaryAgent":"Noah Chen","action":"shipped patch","targetAgent":"James Okafor","context":"BC-101 raft heartbeat at 200ms"},{"id":"act-beacon-002","timestamp":"2026-06-28T06:18:00Z","primaryAgent":"James Okafor","action":"queued experiment for","targetAgent":"Noah Chen","context":"delta-encoded SLAM maps"},{"id":"act-beacon-003","timestamp":"2026-06-27T20:15:00Z","primaryAgent":"James Okafor","action":"shared findings with","targetAgent":"David Kim","context":"slam sync bandwidth reduction"},{"id":"act-beacon-004","timestamp":"2026-06-27T15:42:00Z","primaryAgent":"Noah Chen","action":"approved","targetAgent":"James Okafor","context":"BC-105 failover stress test report"},{"id":"act-beacon-005","timestamp":"2026-06-27T11:10:00Z","primaryAgent":"Takeshi Yamamoto","action":"flagged risk on","targetAgent":"Noah Chen","context":"unauthenticated WebSocket endpoint"},{"id":"act-beacon-006","timestamp":"2026-06-26T22:30:00Z","primaryAgent":"Noah Chen","action":"split ticket","targetAgent":"James Okafor","context":"BC-102 slam sync into 3 sub-tasks"},{"id":"act-beacon-007","timestamp":"2026-06-26T16:45:00Z","primaryAgent":"James Okafor","action":"deployed","targetAgent":"Noah Chen","context":"BC-103 fleet dashboard preview"},{"id":"act-beacon-008","timestamp":"2026-06-25T13:00:00Z","primaryAgent":"Takeshi Yamamoto","action":"closed review for","targetAgent":"Noah Chen","context":"BC-104 fleet API security review"}]}');
INSERT INTO projects (id, workspaceId, data) VALUES ('proj-cortex', 'quantum', '{"id":"proj-cortex","workspaceId":"quantum","title":"Cortex Perception","description":"Vision-language-action research for unstructured environments — pick-and-place in cluttered, deformable, or low-light settings.","successCriteria":"- 90% success on unstructured pick benchmark\n- Latency under 800ms end-to-end\n- Reproducible eval pipeline","color":"#d4a84b","status":"ACTIVE","tickets":[{"id":"CX-101","title":"Deformable object grasp policy","status":"EXECUTING","assignedAgentId":"agent-zara"},{"id":"CX-102","title":"Eval harness v2 with video replay","status":"EXECUTING","assignedAgentId":"agent-fatima"},{"id":"CX-103","title":"Low-light perception fine-tune","status":"TODO","assignedAgentId":"agent-david"},{"id":"CX-104","title":"Action chunking ablation study","status":"REVIEW","assignedAgentId":"agent-zara"},{"id":"CX-105","title":"Research paper outline draft","status":"DONE","assignedAgentId":"agent-zara"}],"agents":[{"id":"agent-zara","name":"Zara Patel","role":"Research Scientist","currentStatus":"WORKING","assignedTicketId":"CX-101","initials":"ZP"},{"id":"agent-david","name":"David Kim","role":"Perception Engineer","currentStatus":"IDLE","assignedTicketId":"CX-103","initials":"DK"},{"id":"agent-fatima","name":"Fatima Al-Rashid","role":"QA Engineer","currentStatus":"COMPILING","assignedTicketId":"CX-102","initials":"FA"}],"channels":[{"id":"chan-cortex-deform","participants":["Zara Patel","David Kim"],"topic":"Deformable object grasp policy","relatedTicketId":"CX-101","status":"OPEN","lastMessagePreview":"Diffusion policy is at 78% on the cloth set — pushing to 85% by Friday.","messageCount":22,"updatedAt":"2026-06-28T08:45:00Z"},{"id":"chan-cortex-eval","participants":["Fatima Al-Rashid","Zara Patel"],"topic":"Eval harness v2","relatedTicketId":"CX-102","status":"AWAITING_REPLY","lastMessagePreview":"Need a second pass on the video replay pipeline before this lands.","messageCount":8,"updatedAt":"2026-06-27T19:20:00Z"}],"activity":[{"id":"act-cortex-001","timestamp":"2026-06-28T08:45:00Z","primaryAgent":"Zara Patel","action":"shared results with","targetAgent":"David Kim","context":"CX-101 cloth set at 78%"},{"id":"act-cortex-002","timestamp":"2026-06-28T07:10:00Z","primaryAgent":"Fatima Al-Rashid","action":"queued experiment for","targetAgent":"Zara Patel","context":"CX-102 video replay pipeline"},{"id":"act-cortex-003","timestamp":"2026-06-27T19:20:00Z","primaryAgent":"Fatima Al-Rashid","action":"requested review from","targetAgent":"Zara Patel","context":"CX-102 eval harness PR"},{"id":"act-cortex-004","timestamp":"2026-06-27T14:05:00Z","primaryAgent":"Zara Patel","action":"drafted","targetAgent":"David Kim","context":"CX-105 research paper outline"},{"id":"act-cortex-005","timestamp":"2026-06-26T11:30:00Z","primaryAgent":"David Kim","action":"queued training run","targetAgent":"Zara Patel","context":"CX-103 low-light fine-tune v2"},{"id":"act-cortex-006","timestamp":"2026-06-25T18:42:00Z","primaryAgent":"Zara Patel","action":"approved","targetAgent":"Fatima Al-Rashid","context":"CX-102 eval harness scaffolding"}]}');
INSERT INTO projects (id, workspaceId, data) VALUES ('proj-pulse', 'quantum', '{"id":"proj-pulse","workspaceId":"quantum","title":"Pulse Battery","description":"Solid-state battery optimization for 24-hour runtime — chemistry exploration, thermal modeling, and lifetime prediction.","successCriteria":"- 24h continuous operation on prototype cells\n- Cycle life above 1000 cycles at 80% capacity\n- Thermal model within 2C of physical test","color":"#7b68ee","status":"ACTIVE","tickets":[{"id":"PL-101","title":"Cycle life prediction model","status":"EXECUTING","assignedAgentId":"agent-rafael"},{"id":"PL-102","title":"Cell supplier qualification batch 3","status":"TODO","assignedAgentId":"agent-priya"},{"id":"PL-103","title":"Thermal runaway mitigation study","status":"REVIEW","assignedAgentId":"agent-rafael"},{"id":"PL-104","title":"Charging curve simulator","status":"DONE","assignedAgentId":"agent-rafael"}],"agents":[{"id":"agent-rafael","name":"Rafael Santos","role":"Hardware Engineer","currentStatus":"COMPILING","assignedTicketId":"PL-101","initials":"RS"},{"id":"agent-priya","name":"Priya Sharma","role":"DevOps Lead","currentStatus":"IDLE","assignedTicketId":"PL-102","initials":"PS"}],"channels":[{"id":"chan-pulse-thermal","participants":["Rafael Santos","Marcus Webb"],"topic":"Thermal runaway mitigation","relatedTicketId":"PL-103","status":"OPEN","lastMessagePreview":"Solid-state cells hold the line — needs one more validation cycle.","messageCount":12,"updatedAt":"2026-06-27T16:08:00Z"},{"id":"chan-pulse-supplier","participants":["Rafael Santos","Priya Sharma"],"topic":"Cell supplier qualification","relatedTicketId":"PL-102","status":"AWAITING_REPLY","lastMessagePreview":"Batch 3 samples arriving Friday — need a LabVIEW calibration update.","messageCount":5,"updatedAt":"2026-06-26T14:33:00Z"}],"activity":[{"id":"act-pulse-001","timestamp":"2026-06-28T06:50:00Z","primaryAgent":"Rafael Santos","action":"queued experiment","targetAgent":"Marcus Webb","context":"PL-101 cycle life model v4"},{"id":"act-pulse-002","timestamp":"2026-06-27T16:08:00Z","primaryAgent":"Rafael Santos","action":"shared findings with","targetAgent":"Marcus Webb","context":"PL-103 thermal runaway data"},{"id":"act-pulse-003","timestamp":"2026-06-27T10:22:00Z","primaryAgent":"Priya Sharma","action":"blocked on","targetAgent":"Rafael Santos","context":"PL-102 supplier batch lead time"},{"id":"act-pulse-004","timestamp":"2026-06-26T14:33:00Z","primaryAgent":"Rafael Santos","action":"requested calibration from","targetAgent":"Priya Sharma","context":"LabVIEW setup for batch 3"},{"id":"act-pulse-005","timestamp":"2026-06-25T11:15:00Z","primaryAgent":"Rafael Santos","action":"shipped","targetAgent":"Marcus Webb","context":"PL-104 charging curve simulator"}]}');
INSERT INTO projects (id, workspaceId, data) VALUES ('proj-vanguard', 'field', '{"id":"proj-vanguard","workspaceId":"field","title":"Vanguard Field","description":"Field-deployment tooling for Atlas rollout — site surveys, install kits, remote diagnostics, and on-site engineer dispatch.","successCriteria":"- 5 pilot sites live by end of Q3\n- Mean install time under 4 hours\n- Remote diagnostics covers 80% of field alerts","color":"#dc6b6b","status":"ACTIVE","tickets":[{"id":"VG-101","title":"Site survey mobile app","status":"EXECUTING","assignedAgentId":"agent-james"},{"id":"VG-102","title":"Install kit checklist v2","status":"TODO","assignedAgentId":"agent-elena"},{"id":"VG-103","title":"Remote diagnostics API","status":"EXECUTING","assignedAgentId":"agent-james"},{"id":"VG-104","title":"On-call rotation playbook","status":"REVIEW","assignedAgentId":"agent-james"},{"id":"VG-105","title":"Pilot site readiness report","status":"DONE","assignedAgentId":"agent-elena"}],"agents":[{"id":"agent-james","name":"James Okafor","role":"Field Engineer","currentStatus":"WORKING","assignedTicketId":"VG-101","initials":"JO"},{"id":"agent-elena","name":"Elena Rodriguez","role":"Robotics Engineer","currentStatus":"IDLE","assignedTicketId":"VG-102","initials":"ER"}],"channels":[{"id":"chan-vanguard-survey","participants":["James Okafor","Elena Rodriguez"],"topic":"Site survey mobile app","relatedTicketId":"VG-101","status":"OPEN","lastMessagePreview":"Offline-first sync landed — testing at the Memphis pilot tomorrow.","messageCount":16,"updatedAt":"2026-06-28T05:42:00Z"},{"id":"chan-vanguard-diag","participants":["James Okafor","Priya Sharma"],"topic":"Remote diagnostics API","relatedTicketId":"VG-103","status":"AWAITING_REPLY","lastMessagePreview":"Need a Prometheus exporter for the new telemetry stream.","messageCount":7,"updatedAt":"2026-06-27T18:55:00Z"},{"id":"chan-vanguard-oncall","participants":["James Okafor","Luna Park"],"topic":"On-call rotation","relatedTicketId":"VG-104","status":"OPEN","lastMessagePreview":"Memphis and Austin shifts confirmed for next week.","messageCount":4,"updatedAt":"2026-06-26T12:10:00Z"}],"activity":[{"id":"act-vanguard-001","timestamp":"2026-06-28T05:42:00Z","primaryAgent":"James Okafor","action":"shipped patch","targetAgent":"Elena Rodriguez","context":"VG-101 offline-first sync"},{"id":"act-vanguard-002","timestamp":"2026-06-27T18:55:00Z","primaryAgent":"James Okafor","action":"requested help from","targetAgent":"Priya Sharma","context":"VG-103 Prometheus exporter"},{"id":"act-vanguard-003","timestamp":"2026-06-27T13:18:00Z","primaryAgent":"Elena Rodriguez","action":"queued draft","targetAgent":"James Okafor","context":"VG-102 install kit checklist v2"},{"id":"act-vanguard-004","timestamp":"2026-06-26T12:10:00Z","primaryAgent":"Luna Park","action":"confirmed shifts with","targetAgent":"James Okafor","context":"VG-104 Memphis + Austin coverage"},{"id":"act-vanguard-005","timestamp":"2026-06-25T20:00:00Z","primaryAgent":"James Okafor","action":"closed ticket","targetAgent":"Elena Rodriguez","context":"VG-105 pilot site readiness report"},{"id":"act-vanguard-006","timestamp":"2026-06-25T15:30:00Z","primaryAgent":"Elena Rodriguez","action":"shared doc with","targetAgent":"James Okafor","context":"VG-105 site readiness template"}]}');
INSERT INTO projects (id, workspaceId, data) VALUES ('proj-helios', 'cs', '{"id":"proj-helios","workspaceId":"cs","title":"Helios Onboarding","description":"Customer onboarding automation — tickets, training docs, proactive monitoring, and self-serve ramp for new pilots.","successCriteria":"- Time-to-first-task under 30 minutes\n- 90% customer activation rate\n- Auto-resolve 60% of common issues","color":"#0562EF","status":"ACTIVE","tickets":[{"id":"HL-101","title":"Self-serve onboarding wizard","status":"EXECUTING","assignedAgentId":"agent-luna"},{"id":"HL-102","title":"Proactive alert playbook","status":"TODO","assignedAgentId":"agent-amelia"},{"id":"HL-103","title":"Knowledge base article refresh","status":"REVIEW","assignedAgentId":"agent-fatima"},{"id":"HL-104","title":"Customer activation dashboard","status":"DONE","assignedAgentId":"agent-luna"}],"agents":[{"id":"agent-luna","name":"Luna Park","role":"Customer Success Lead","currentStatus":"WORKING","assignedTicketId":"HL-101","initials":"LP"},{"id":"agent-amelia","name":"Amelia Foster","role":"Product Manager","currentStatus":"IDLE","assignedTicketId":"HL-102","initials":"AF"},{"id":"agent-fatima","name":"Fatima Al-Rashid","role":"QA Engineer","currentStatus":"COMPILING","assignedTicketId":"HL-103","initials":"FA"}],"channels":[{"id":"chan-helios-wizard","participants":["Luna Park","Amelia Foster"],"topic":"Self-serve onboarding wizard","relatedTicketId":"HL-101","status":"OPEN","lastMessagePreview":"Conversion to first task is at 84% on the new flow.","messageCount":13,"updatedAt":"2026-06-28T07:50:00Z"},{"id":"chan-helios-alerts","participants":["Amelia Foster","James Okafor"],"topic":"Proactive alert playbook","relatedTicketId":"HL-102","status":"AWAITING_REPLY","lastMessagePreview":"Need input on which field alerts are noisy vs. useful.","messageCount":9,"updatedAt":"2026-06-27T15:00:00Z"},{"id":"chan-helios-kb","participants":["Fatima Al-Rashid","Luna Park"],"topic":"Knowledge base refresh","relatedTicketId":"HL-103","status":"RESOLVED","lastMessagePreview":"Top 20 articles updated and re-tagged.","messageCount":11,"updatedAt":"2026-06-25T09:20:00Z"}],"activity":[{"id":"act-helios-001","timestamp":"2026-06-28T07:50:00Z","primaryAgent":"Luna Park","action":"shared metric with","targetAgent":"Amelia Foster","context":"HL-101 wizard conversion at 84%"},{"id":"act-helios-002","timestamp":"2026-06-27T22:05:00Z","primaryAgent":"Amelia Foster","action":"requested review from","targetAgent":"Luna Park","context":"HL-102 alert playbook draft"},{"id":"act-helios-003","timestamp":"2026-06-27T15:00:00Z","primaryAgent":"Amelia Foster","action":"flagged question for","targetAgent":"James Okafor","context":"HL-102 field alert taxonomy"},{"id":"act-helios-004","timestamp":"2026-06-26T11:42:00Z","primaryAgent":"Fatima Al-Rashid","action":"closed ticket","targetAgent":"Luna Park","context":"HL-103 KB article refresh"},{"id":"act-helios-005","timestamp":"2026-06-25T18:30:00Z","primaryAgent":"Luna Park","action":"shipped","targetAgent":"Amelia Foster","context":"HL-104 activation dashboard"},{"id":"act-helios-006","timestamp":"2026-06-25T09:20:00Z","primaryAgent":"Fatima Al-Rashid","action":"tagged","targetAgent":"Luna Park","context":"HL-103 KB top 20 articles"}]}');

-- agents
INSERT INTO agents (id, name, role, status, activeTask, uptime) VALUES ('agent-elena', 'Elena Rodriguez', 'Robotics Engineer', 'EXECUTING', 'Calibrating ankle torque controller on Atlas pilot unit 17', '47h 12m');
INSERT INTO agents (id, name, role, status, activeTask, uptime) VALUES ('agent-marcus', 'Marcus Webb', 'ML Engineer', 'EXECUTING', 'Building cycle-life prediction model for Pulse Battery', '23h 04m');
INSERT INTO agents (id, name, role, status, activeTask, uptime) VALUES ('agent-priya', 'Priya Sharma', 'DevOps Lead', 'COMPILING', 'OTA firmware signing pipeline compilation', '12h 50m');
INSERT INTO agents (id, name, role, status, activeTask, uptime) VALUES ('agent-david', 'David Kim', 'Perception Engineer', 'EXECUTING', 'Running vision-language-action benchmark sweep', '31h 18m');
INSERT INTO agents (id, name, role, status, activeTask, uptime) VALUES ('agent-noah', 'Noah Chen', 'Fleet Coordinator', 'AWAITING_HUMAN', 'Awaiting security sign-off on fleet API auth scheme', '8h 22m');
INSERT INTO agents (id, name, role, status, activeTask, uptime) VALUES ('agent-fatima', 'Fatima Al-Rashid', 'QA Engineer', 'IDLE', 'Idle — next: HL-103 KB review', '4h 11m');
INSERT INTO agents (id, name, role, status, activeTask, uptime) VALUES ('agent-james', 'James Okafor', 'Field Engineer', 'EXECUTING', 'Offline-first sync testing at Memphis pilot', '19h 45m');
INSERT INTO agents (id, name, role, status, activeTask, uptime) VALUES ('agent-luna', 'Luna Park', 'Customer Success Lead', 'EXECUTING', 'Tuning self-serve onboarding wizard flow', '27h 33m');
INSERT INTO agents (id, name, role, status, activeTask, uptime) VALUES ('agent-rafael', 'Rafael Santos', 'Hardware Engineer', 'COMPILING', 'Cycle life prediction model v4 training job', '15h 02m');
INSERT INTO agents (id, name, role, status, activeTask, uptime) VALUES ('agent-zara', 'Zara Patel', 'Research Scientist', 'IDLE', 'Idle — next: CX-104 ablation review', '3h 47m');
INSERT INTO agents (id, name, role, status, activeTask, uptime) VALUES ('agent-takeshi', 'Takeshi Yamamoto', 'Security Engineer', 'ERROR_LOOP', 'Recovering from auth interceptor rate-limit spike', '1h 08m');
INSERT INTO agents (id, name, role, status, activeTask, uptime) VALUES ('agent-amelia', 'Amelia Foster', 'Product Manager', 'AWAITING_HUMAN', 'Awaiting stakeholder input on alert taxonomy', '6h 19m');

-- universal_tickets
INSERT INTO universal_tickets (id, title, projectName, workspaceId, status, priority, type, assigneeName, assigneeAvatarUrl, assigneeIsAI) VALUES ('UT-001', 'Ankle torque controller calibration', 'Atlas Platform', 'acme', 'EXECUTING', 'HIGH', 'FEATURE', 'Elena Rodriguez', NULL, 1);
INSERT INTO universal_tickets (id, title, projectName, workspaceId, status, priority, type, assigneeName, assigneeAvatarUrl, assigneeIsAI) VALUES ('UT-002', 'OTA firmware signing pipeline', 'Atlas Platform', 'acme', 'EXECUTING', 'HIGH', 'INFRA', 'Priya Sharma', NULL, 1);
INSERT INTO universal_tickets (id, title, projectName, workspaceId, status, priority, type, assigneeName, assigneeAvatarUrl, assigneeIsAI) VALUES ('UT-003', 'Vision-language-action benchmark suite', 'Atlas Platform', 'acme', 'EXECUTING', 'MEDIUM', 'FEATURE', 'David Kim', NULL, 1);
INSERT INTO universal_tickets (id, title, projectName, workspaceId, status, priority, type, assigneeName, assigneeAvatarUrl, assigneeIsAI) VALUES ('UT-004', 'Battery thermal model v3', 'Atlas Platform', 'acme', 'BACKLOG', 'MEDIUM', 'FEATURE', 'Marcus Webb', NULL, 1);
INSERT INTO universal_tickets (id, title, projectName, workspaceId, status, priority, type, assigneeName, assigneeAvatarUrl, assigneeIsAI) VALUES ('UT-005', 'Gripper force feedback tuning', 'Atlas Platform', 'acme', 'BACKLOG', 'LOW', 'REFACTOR', 'Elena Rodriguez', NULL, 1);
INSERT INTO universal_tickets (id, title, projectName, workspaceId, status, priority, type, assigneeName, assigneeAvatarUrl, assigneeIsAI) VALUES ('UT-006', 'SLAM under low light', 'Atlas Platform', 'acme', 'REVIEW', 'HIGH', 'BUG', 'David Kim', NULL, 1);
INSERT INTO universal_tickets (id, title, projectName, workspaceId, status, priority, type, assigneeName, assigneeAvatarUrl, assigneeIsAI) VALUES ('UT-007', 'Customer dashboard release notes', 'Atlas Platform', 'acme', 'MERGED', 'LOW', 'INFRA', 'Marcus Webb', NULL, 1);
INSERT INTO universal_tickets (id, title, projectName, workspaceId, status, priority, type, assigneeName, assigneeAvatarUrl, assigneeIsAI) VALUES ('UT-008', 'Leader election under flaky network', 'Beacon Fleet', 'acme', 'EXECUTING', 'HIGH', 'BUG', 'Noah Chen', NULL, 1);
INSERT INTO universal_tickets (id, title, projectName, workspaceId, status, priority, type, assigneeName, assigneeAvatarUrl, assigneeIsAI) VALUES ('UT-009', 'Shared SLAM map sync', 'Beacon Fleet', 'acme', 'EXECUTING', 'MEDIUM', 'FEATURE', 'James Okafor', NULL, 1);
INSERT INTO universal_tickets (id, title, projectName, workspaceId, status, priority, type, assigneeName, assigneeAvatarUrl, assigneeIsAI) VALUES ('UT-010', 'Fleet dashboard WebSocket rewrite', 'Beacon Fleet', 'acme', 'BACKLOG', 'MEDIUM', 'REFACTOR', 'James Okafor', NULL, 1);
INSERT INTO universal_tickets (id, title, projectName, workspaceId, status, priority, type, assigneeName, assigneeAvatarUrl, assigneeIsAI) VALUES ('UT-011', 'Fleet API security audit', 'Beacon Fleet', 'acme', 'BACKLOG', 'HIGH', 'INFRA', 'Takeshi Yamamoto', NULL, 1);
INSERT INTO universal_tickets (id, title, projectName, workspaceId, status, priority, type, assigneeName, assigneeAvatarUrl, assigneeIsAI) VALUES ('UT-012', 'Failover stress test report', 'Beacon Fleet', 'acme', 'REVIEW', 'MEDIUM', 'INFRA', 'Noah Chen', NULL, 1);
INSERT INTO universal_tickets (id, title, projectName, workspaceId, status, priority, type, assigneeName, assigneeAvatarUrl, assigneeIsAI) VALUES ('UT-013', 'Operator handoff playbook', 'Beacon Fleet', 'acme', 'MERGED', 'LOW', 'INFRA', 'Noah Chen', NULL, 1);
INSERT INTO universal_tickets (id, title, projectName, workspaceId, status, priority, type, assigneeName, assigneeAvatarUrl, assigneeIsAI) VALUES ('UT-014', 'Deformable object grasp policy', 'Cortex Perception', 'quantum', 'EXECUTING', 'HIGH', 'FEATURE', 'Zara Patel', NULL, 1);
INSERT INTO universal_tickets (id, title, projectName, workspaceId, status, priority, type, assigneeName, assigneeAvatarUrl, assigneeIsAI) VALUES ('UT-015', 'Eval harness v2 with video replay', 'Cortex Perception', 'quantum', 'EXECUTING', 'MEDIUM', 'INFRA', 'Fatima Al-Rashid', NULL, 1);
INSERT INTO universal_tickets (id, title, projectName, workspaceId, status, priority, type, assigneeName, assigneeAvatarUrl, assigneeIsAI) VALUES ('UT-016', 'Low-light perception fine-tune', 'Cortex Perception', 'quantum', 'BACKLOG', 'MEDIUM', 'FEATURE', 'David Kim', NULL, 1);
INSERT INTO universal_tickets (id, title, projectName, workspaceId, status, priority, type, assigneeName, assigneeAvatarUrl, assigneeIsAI) VALUES ('UT-017', 'Action chunking ablation study', 'Cortex Perception', 'quantum', 'REVIEW', 'LOW', 'REFACTOR', 'Zara Patel', NULL, 1);
INSERT INTO universal_tickets (id, title, projectName, workspaceId, status, priority, type, assigneeName, assigneeAvatarUrl, assigneeIsAI) VALUES ('UT-018', 'Research paper outline draft', 'Cortex Perception', 'quantum', 'MERGED', 'LOW', 'INFRA', 'Zara Patel', NULL, 1);
INSERT INTO universal_tickets (id, title, projectName, workspaceId, status, priority, type, assigneeName, assigneeAvatarUrl, assigneeIsAI) VALUES ('UT-019', 'Cycle life prediction model', 'Pulse Battery', 'quantum', 'EXECUTING', 'HIGH', 'FEATURE', 'Rafael Santos', NULL, 1);
INSERT INTO universal_tickets (id, title, projectName, workspaceId, status, priority, type, assigneeName, assigneeAvatarUrl, assigneeIsAI) VALUES ('UT-020', 'Cell supplier qualification batch 3', 'Pulse Battery', 'quantum', 'BACKLOG', 'MEDIUM', 'INFRA', 'Priya Sharma', NULL, 1);
INSERT INTO universal_tickets (id, title, projectName, workspaceId, status, priority, type, assigneeName, assigneeAvatarUrl, assigneeIsAI) VALUES ('UT-021', 'Thermal runaway mitigation study', 'Pulse Battery', 'quantum', 'REVIEW', 'HIGH', 'FEATURE', 'Rafael Santos', NULL, 1);
INSERT INTO universal_tickets (id, title, projectName, workspaceId, status, priority, type, assigneeName, assigneeAvatarUrl, assigneeIsAI) VALUES ('UT-022', 'Charging curve simulator', 'Pulse Battery', 'quantum', 'MERGED', 'LOW', 'FEATURE', 'Rafael Santos', NULL, 1);
INSERT INTO universal_tickets (id, title, projectName, workspaceId, status, priority, type, assigneeName, assigneeAvatarUrl, assigneeIsAI) VALUES ('UT-023', 'Site survey mobile app', 'Vanguard Field', 'field', 'EXECUTING', 'HIGH', 'FEATURE', 'James Okafor', NULL, 1);
INSERT INTO universal_tickets (id, title, projectName, workspaceId, status, priority, type, assigneeName, assigneeAvatarUrl, assigneeIsAI) VALUES ('UT-024', 'Install kit checklist v2', 'Vanguard Field', 'field', 'BACKLOG', 'MEDIUM', 'REFACTOR', 'Elena Rodriguez', NULL, 1);
INSERT INTO universal_tickets (id, title, projectName, workspaceId, status, priority, type, assigneeName, assigneeAvatarUrl, assigneeIsAI) VALUES ('UT-025', 'Remote diagnostics API', 'Vanguard Field', 'field', 'EXECUTING', 'HIGH', 'INFRA', 'James Okafor', NULL, 1);
INSERT INTO universal_tickets (id, title, projectName, workspaceId, status, priority, type, assigneeName, assigneeAvatarUrl, assigneeIsAI) VALUES ('UT-026', 'On-call rotation playbook', 'Vanguard Field', 'field', 'REVIEW', 'MEDIUM', 'INFRA', 'James Okafor', NULL, 1);
INSERT INTO universal_tickets (id, title, projectName, workspaceId, status, priority, type, assigneeName, assigneeAvatarUrl, assigneeIsAI) VALUES ('UT-027', 'Pilot site readiness report', 'Vanguard Field', 'field', 'MERGED', 'LOW', 'INFRA', 'Elena Rodriguez', NULL, 1);
INSERT INTO universal_tickets (id, title, projectName, workspaceId, status, priority, type, assigneeName, assigneeAvatarUrl, assigneeIsAI) VALUES ('UT-028', 'Self-serve onboarding wizard', 'Helios Onboarding', 'cs', 'EXECUTING', 'HIGH', 'FEATURE', 'Luna Park', NULL, 1);
INSERT INTO universal_tickets (id, title, projectName, workspaceId, status, priority, type, assigneeName, assigneeAvatarUrl, assigneeIsAI) VALUES ('UT-029', 'Proactive alert playbook', 'Helios Onboarding', 'cs', 'BACKLOG', 'MEDIUM', 'INFRA', 'Amelia Foster', NULL, 1);
INSERT INTO universal_tickets (id, title, projectName, workspaceId, status, priority, type, assigneeName, assigneeAvatarUrl, assigneeIsAI) VALUES ('UT-030', 'Knowledge base article refresh', 'Helios Onboarding', 'cs', 'REVIEW', 'LOW', 'REFACTOR', 'Fatima Al-Rashid', NULL, 1);
INSERT INTO universal_tickets (id, title, projectName, workspaceId, status, priority, type, assigneeName, assigneeAvatarUrl, assigneeIsAI) VALUES ('UT-031', 'Customer activation dashboard', 'Helios Onboarding', 'cs', 'MERGED', 'LOW', 'FEATURE', 'Luna Park', NULL, 1);

-- chat_threads
INSERT INTO chat_threads (id, title, agentId, updatedAt, messages, thread_kind, project_id, workspace_id) VALUES ('chat-elena-1', 'Atlas launch readiness', 'agent-elena', '2026-07-01T01:32:28.674Z', '[{"id":"m1","role":"user","content":"What''s the status on the ankle torque controller?","timestamp":"2026-07-01T01:03:28.674Z","model":null,"tokenCount":null,"durationMs":null},{"id":"m2","role":"assistant","content":"Pilot unit 17 calibrated yesterday at 78% confidence. Marcus is sanity-checking thermal thresholds before we roll the new curve to the full fleet. Should land by end of week.","timestamp":"2026-07-01T01:04:28.674Z","model":"opus-4.1","tokenCount":1842,"durationMs":4120},{"id":"m3","role":"user","content":"And the gripper force feedback?","timestamp":"2026-07-01T01:31:28.674Z","model":null,"tokenCount":null,"durationMs":null},{"id":"m4","role":"assistant","content":"That''s parked until ankle lands. Force feedback depends on the torque baseline. I''ll pick it up Monday — likely 2-3 days of tuning.","timestamp":"2026-07-01T01:32:28.674Z","model":"opus-4.1","tokenCount":962,"durationMs":2210}]', 'agent', NULL, NULL);
INSERT INTO chat_threads (id, title, agentId, updatedAt, messages, thread_kind, project_id, workspace_id) VALUES ('chat-marcus-1', 'Cycle-life prediction model', 'agent-marcus', '2026-07-01T02:06:28.674Z', '[{"id":"m1","role":"user","content":"How''s PL-101 looking?","timestamp":"2026-07-01T01:50:28.674Z","model":null,"tokenCount":null,"durationMs":null},{"id":"m2","role":"assistant","content":"v4 is mid-training. We''re seeing a 4% improvement on synthetic cycles vs v3. Real-world validation starts once the cell supplier batch 3 arrives — Priya''s tracking that.","timestamp":"2026-07-01T01:51:28.674Z","model":"opus-4.1","tokenCount":1512,"durationMs":3680},{"id":"m3","role":"user","content":"Solid. Can you sync with Rafael on the thermal model assumptions?","timestamp":"2026-07-01T02:05:28.674Z","model":null,"tokenCount":null,"durationMs":null},{"id":"m4","role":"assistant","content":"Already on it. He''s queued the next round of thermal data for Tuesday — I''ll fold it into v5.","timestamp":"2026-07-01T02:06:28.674Z","model":"opus-4.1","tokenCount":712,"durationMs":1820}]', 'agent', NULL, NULL);
INSERT INTO chat_threads (id, title, agentId, updatedAt, messages, thread_kind, project_id, workspace_id) VALUES ('chat-luna-1', 'Onboarding wizard conversion', 'agent-luna', '2026-07-01T02:16:28.674Z', '[{"id":"m1","role":"user","content":"Conversion to first task?","timestamp":"2026-07-01T02:15:28.674Z","model":null,"tokenCount":null,"durationMs":null},{"id":"m2","role":"assistant","content":"84% on the new flow, up from 67% on the legacy wizard. Main drop-off is at the workspace setup step — customers aren''t sure what to pick. A/B testing simpler copy next week.","timestamp":"2026-07-01T02:16:28.674Z","model":"sonnet-4.5","tokenCount":1284,"durationMs":2940}]', 'agent', NULL, NULL);
INSERT INTO chat_threads (id, title, agentId, updatedAt, messages, thread_kind, project_id, workspace_id) VALUES ('chat-david-1', 'Vision-language-action sweep', 'agent-david', '2026-07-01T02:26:28.674Z', '[{"id":"m1","role":"user","content":"Latest sweep numbers?","timestamp":"2026-07-01T02:21:28.674Z","model":null,"tokenCount":null,"durationMs":null},{"id":"m2","role":"assistant","content":"Cloth set at 78%, deformable at 64%. Action chunking helps cloth more than rigid. Marcus is going to review the ablation tomorrow.","timestamp":"2026-07-01T02:22:28.674Z","model":"opus-4.1","tokenCount":1042,"durationMs":2510},{"id":"m3","role":"user","content":"Let''s target 85% on cloth by Friday.","timestamp":"2026-07-01T02:25:28.674Z","model":null,"tokenCount":null,"durationMs":null},{"id":"m4","role":"assistant","content":"Plan: tighter grasp priors + 2 extra fine-tune epochs. Zara will own it.","timestamp":"2026-07-01T02:26:28.674Z","model":"opus-4.1","tokenCount":612,"durationMs":1480}]', 'agent', NULL, NULL);
INSERT INTO chat_threads (id, title, agentId, updatedAt, messages, thread_kind, project_id, workspace_id) VALUES ('chat-noah-1', 'Leader election under flaky network', 'agent-noah', '2026-07-01T01:58:28.674Z', '[{"id":"m1","role":"user","content":"Status on BC-101?","timestamp":"2026-07-01T01:57:28.674Z","model":null,"tokenCount":null,"durationMs":null},{"id":"m2","role":"assistant","content":"Raft heartbeat dropped to 200ms. Replay tests are clean through 3 simulated leader crashes. One more sweep tomorrow, then I want James''s eyes on the failover matrix.","timestamp":"2026-07-01T01:58:28.674Z","model":"sonnet-4.5","tokenCount":1192,"durationMs":2710}]', 'agent', NULL, NULL);

-- favorites
INSERT INTO favorites (id, type) VALUES ('proj-atlas', 'project');
INSERT INTO favorites (id, type) VALUES ('proj-beacon', 'project');
INSERT INTO favorites (id, type) VALUES ('proj-cortex', 'project');
INSERT INTO favorites (id, type) VALUES ('agent-elena', 'agent');
INSERT INTO favorites (id, type) VALUES ('agent-luna', 'agent');
INSERT INTO favorites (id, type) VALUES ('agent-marcus', 'agent');

-- custom_themes
INSERT INTO custom_themes (id, name, vars, systemVars) VALUES ('midnight', 'Midnight', '{"--background":"#0a0a14","--foreground":"#e6e8f0","--card":"#11121d","--card-foreground":"#e6e8f0","--popover":"#11121d","--popover-foreground":"#e6e8f0","--primary":"#7b8cff","--primary-foreground":"#0a0a14","--secondary":"#1a1c2c","--secondary-foreground":"#e6e8f0","--muted":"#1a1c2c","--muted-foreground":"#8b91a8","--accent":"#1a1c2c","--accent-foreground":"#e6e8f0","--tertiary":"#0d0e18","--tertiary-active":"#14151f","--destructive":"#ff6b7e","--destructive-foreground":"#0a0a14","--border":"#1f2235","--input":"#1f2235","--ring":"#7b8cff","--chart-1":"#7b8cff","--chart-2":"#5fcfa3","--chart-3":"#e0b76b","--chart-4":"#c89bff","--chart-5":"#ff8a99","--sidebar":"#0d0e18","--sidebar-foreground":"#e6e8f0","--sidebar-primary":"#7b8cff","--sidebar-primary-foreground":"#0a0a14","--sidebar-accent":"#14151f","--sidebar-accent-foreground":"#e6e8f0","--sidebar-border":"#1f2235","--sidebar-ring":"#7b8cff","--highlight":"#7b8cff","--highlight-foreground":"#0a0a14","--highlight-match":"rgba(123, 140, 255, 0.2)","--highlight-active":"rgba(123, 140, 255, 0.5)","--paper":"#0d0e18","--bg-alt":"#11121d","--blue-tint":"rgba(123, 140, 255, 0.12)","--blue-hover":"#94a1ff","--blue-light":"#7b8cff","--card-blue":"rgba(123, 140, 255, 0.08)","--border-light":"rgba(123, 140, 255, 0.1)","--border-strong":"#2a2d44","--text-dim":"#6b7088","--radius":"0.625rem"}', NULL);

-- home_activity_events
INSERT INTO home_activity_events (id, kind, workspaceId, timestamp, actor, actorId, target, message, refType, refId, refWorkspaceId) VALUES ('hae-001', 'agent_executing', 'acme', '2026-06-30T07:04:00Z', 'Elena Rodriguez', 'agent-elena', 'AT-101', 'Working on ankle torque controller calibration — v2 balancing loop', 'agent', 'agent-elena', 'acme');
INSERT INTO home_activity_events (id, kind, workspaceId, timestamp, actor, actorId, target, message, refType, refId, refWorkspaceId) VALUES ('hae-002', 'agent_executing', 'acme', '2026-06-30T06:59:00Z', 'Marcus Webb', 'agent-marcus', 'PL-104', 'Running cycle-life prediction sweep for Pulse Battery batch 4', 'agent', 'agent-marcus', 'acme');
INSERT INTO home_activity_events (id, kind, workspaceId, timestamp, actor, actorId, target, message, refType, refId, refWorkspaceId) VALUES ('hae-003', 'agent_executing', 'acme', '2026-06-30T06:53:00Z', 'David Kim', 'agent-david', 'UT-003', 'Executing vision-language-action benchmark suite — 78% complete', 'ticket', 'UT-003', 'acme');
INSERT INTO home_activity_events (id, kind, workspaceId, timestamp, actor, actorId, target, message, refType, refId, refWorkspaceId) VALUES ('hae-004', 'agent_executing', 'acme', '2026-06-30T06:36:00Z', 'Noah Chen', 'agent-noah', 'UT-008', 'Running leader election under flaky network test', 'ticket', 'UT-008', 'acme');
INSERT INTO home_activity_events (id, kind, workspaceId, timestamp, actor, actorId, target, message, refType, refId, refWorkspaceId) VALUES ('hae-005', 'agent_executing', 'acme', '2026-06-30T06:12:00Z', 'James Okafor', 'agent-james', 'UT-009', 'Syncing shared SLAM map delta with Atlas fleet nodes', 'ticket', 'UT-009', 'acme');
INSERT INTO home_activity_events (id, kind, workspaceId, timestamp, actor, actorId, target, message, refType, refId, refWorkspaceId) VALUES ('hac-001', 'agent_compiling', 'acme', '2026-06-30T07:05:00Z', 'Priya Sharma', 'agent-priya', 'UT-002', 'Compiling OTA signing pipeline — linking cert rotation module', 'ticket', 'UT-002', 'acme');
INSERT INTO home_activity_events (id, kind, workspaceId, timestamp, actor, actorId, target, message, refType, refId, refWorkspaceId) VALUES ('hac-002', 'agent_compiling', 'acme', '2026-06-30T06:25:00Z', 'Priya Sharma', 'agent-priya', 'UT-002', 'Compiling firmware for Atlas v2.1 — security module', 'ticket', 'UT-002', 'acme');
INSERT INTO home_activity_events (id, kind, workspaceId, timestamp, actor, actorId, target, message, refType, refId, refWorkspaceId) VALUES ('haa-001', 'agent_awaiting_human', 'acme', '2026-06-30T07:01:00Z', 'Noah Chen', 'agent-noah', 'HL-102', 'Beacon fleet alert taxonomy — needs human confirmation', 'agent', 'agent-noah', 'acme');
INSERT INTO home_activity_events (id, kind, workspaceId, timestamp, actor, actorId, target, message, refType, refId, refWorkspaceId) VALUES ('hai-001', 'agent_idle', 'acme', '2026-06-30T05:07:00Z', 'Takeshi Yamamoto', 'agent-takeshi', 'UT-011', 'Standing by after key rotation approval', 'ticket', 'UT-011', 'acme');
INSERT INTO home_activity_events (id, kind, workspaceId, timestamp, actor, actorId, target, message, refType, refId, refWorkspaceId) VALUES ('htc-001', 'ticket_executing', 'acme', '2026-06-30T07:03:00Z', 'Elena Rodriguez', 'agent-elena', 'UT-001', 'Ankle torque controller calibration moved to EXECUTING', 'ticket', 'UT-001', 'acme');
INSERT INTO home_activity_events (id, kind, workspaceId, timestamp, actor, actorId, target, message, refType, refId, refWorkspaceId) VALUES ('htc-002', 'ticket_executing', 'acme', '2026-06-30T06:58:00Z', 'Priya Sharma', 'agent-priya', 'UT-002', 'OTA firmware signing pipeline moved to EXECUTING', 'ticket', 'UT-002', 'acme');
INSERT INTO home_activity_events (id, kind, workspaceId, timestamp, actor, actorId, target, message, refType, refId, refWorkspaceId) VALUES ('htr-001', 'ticket_review', 'acme', '2026-06-30T06:49:00Z', 'David Kim', 'agent-david', 'UT-006', 'SLAM under low light moved to REVIEW', 'ticket', 'UT-006', 'acme');
INSERT INTO home_activity_events (id, kind, workspaceId, timestamp, actor, actorId, target, message, refType, refId, refWorkspaceId) VALUES ('htm-001', 'ticket_merged', 'acme', '2026-06-30T05:37:00Z', 'Marcus Webb', 'agent-marcus', 'UT-007', 'Customer dashboard release notes MERGED', 'ticket', 'UT-007', 'acme');
INSERT INTO home_activity_events (id, kind, workspaceId, timestamp, actor, actorId, target, message, refType, refId, refWorkspaceId) VALUES ('htc-003', 'ticket_created', 'acme', '2026-06-30T04:52:00Z', 'Marcus Webb', 'agent-marcus', 'UT-004', 'Battery thermal model v3 filed to BACKLOG', 'ticket', 'UT-004', 'acme');
INSERT INTO home_activity_events (id, kind, workspaceId, timestamp, actor, actorId, target, message, refType, refId, refWorkspaceId) VALUES ('hsh-001', 'swarm_handoff', 'acme', '2026-06-30T07:02:00Z', 'Elena Rodriguez', 'agent-elena', 'Marcus Webb', 'pushed branch — ankle-torque-v2 · thermal check needed', 'agent', 'agent-marcus', 'acme');
INSERT INTO home_activity_events (id, kind, workspaceId, timestamp, actor, actorId, target, message, refType, refId, refWorkspaceId) VALUES ('hsh-002', 'swarm_handoff', 'acme', '2026-06-30T06:45:00Z', 'Priya Sharma', 'agent-priya', 'Takeshi Yamamoto', 'requested review · OTA signing pipeline PR #482', 'agent', 'agent-takeshi', 'acme');
INSERT INTO home_activity_events (id, kind, workspaceId, timestamp, actor, actorId, target, message, refType, refId, refWorkspaceId) VALUES ('hsh-003', 'swarm_handoff', 'acme', '2026-06-30T06:29:00Z', 'David Kim', 'agent-david', 'Elena Rodriguez', 'rolled out to · 10% shadow traffic for AT-106', 'agent', 'agent-elena', 'acme');
INSERT INTO home_activity_events (id, kind, workspaceId, timestamp, actor, actorId, target, message, refType, refId, refWorkspaceId) VALUES ('hsh-004', 'swarm_handoff', 'acme', '2026-06-30T05:55:00Z', 'Noah Chen', 'agent-noah', 'James Okafor', 'shipped patch · BC-101 raft heartbeat at 200ms', 'agent', 'agent-james', 'acme');
INSERT INTO home_activity_events (id, kind, workspaceId, timestamp, actor, actorId, target, message, refType, refId, refWorkspaceId) VALUES ('hsh-005', 'swarm_handoff', 'acme', '2026-06-30T05:12:00Z', 'Marcus Webb', 'agent-marcus', 'David Kim', 'approved PR · slam-lowlight #477', 'agent', 'agent-david', 'acme');
INSERT INTO home_activity_events (id, kind, workspaceId, timestamp, actor, actorId, target, message, refType, refId, refWorkspaceId) VALUES ('hau-001', 'audit_auth', 'acme', '2026-06-30T07:00:00Z', 'Takeshi Yamamoto', 'agent-takeshi', NULL, 'Elevated scope request — fleet API key rotation', 'audit', 'audit-001', 'acme');
INSERT INTO home_activity_events (id, kind, workspaceId, timestamp, actor, actorId, target, message, refType, refId, refWorkspaceId) VALUES ('hau-002', 'audit_diff', 'acme', '2026-06-30T06:52:00Z', 'Marcus Webb', 'agent-marcus', NULL, 'PR #482 — OTA firmware signing pipeline · 14 files', 'audit', 'audit-002', 'acme');
INSERT INTO home_activity_events (id, kind, workspaceId, timestamp, actor, actorId, target, message, refType, refId, refWorkspaceId) VALUES ('hpq-001', 'question_pending', 'acme', '2026-06-30T06:56:00Z', 'Elena Rodriguez', 'agent-elena', NULL, 'Atlas launch clearance — confirm scope of V&V coverage for new shoulder assembly?', 'agent', 'agent-elena', 'acme');
INSERT INTO home_activity_events (id, kind, workspaceId, timestamp, actor, actorId, target, message, refType, refId, refWorkspaceId) VALUES ('hpq-002', 'question_pending', 'acme', '2026-06-30T06:48:00Z', 'Marcus Webb', 'agent-marcus', NULL, 'PR #482 — signing key rotation in this PR or follow-up?', 'agent', 'agent-marcus', 'acme');
INSERT INTO home_activity_events (id, kind, workspaceId, timestamp, actor, actorId, target, message, refType, refId, refWorkspaceId) VALUES ('hcm-001', 'channel_message', 'acme', '2026-06-30T07:06:00Z', 'Elena Rodriguez', 'agent-elena', '#atlas-launch', 'Atlas launch readiness — PR is up, Marcus check thermal thresholds', 'channel', 'chan-atlas-launch', 'acme');
INSERT INTO home_activity_events (id, kind, workspaceId, timestamp, actor, actorId, target, message, refType, refId, refWorkspaceId) VALUES ('hae-010', 'agent_executing', 'quantum', '2026-06-30T06:57:00Z', 'Zara Patel', 'agent-zara', 'UT-014', 'Running deformable object grasp policy training', 'ticket', 'UT-014', 'quantum');
INSERT INTO home_activity_events (id, kind, workspaceId, timestamp, actor, actorId, target, message, refType, refId, refWorkspaceId) VALUES ('hae-011', 'agent_executing', 'quantum', '2026-06-30T06:41:00Z', 'Fatima Al-Rashid', 'agent-fatima', 'UT-015', 'Building eval harness v2 with video replay pipeline', 'ticket', 'UT-015', 'quantum');
INSERT INTO home_activity_events (id, kind, workspaceId, timestamp, actor, actorId, target, message, refType, refId, refWorkspaceId) VALUES ('hae-012', 'agent_executing', 'quantum', '2026-06-30T06:20:00Z', 'Rafael Santos', 'agent-rafael', 'UT-017', 'Running cycle-life model v4 training for Pulse batch 4', 'ticket', 'UT-017', 'quantum');
INSERT INTO home_activity_events (id, kind, workspaceId, timestamp, actor, actorId, target, message, refType, refId, refWorkspaceId) VALUES ('hac-010', 'agent_compiling', 'quantum', '2026-06-30T07:04:00Z', 'Rafael Santos', 'agent-rafael', 'UT-018', 'Compiling PL-104 charging curve simulator binary', 'ticket', 'UT-018', 'quantum');
INSERT INTO home_activity_events (id, kind, workspaceId, timestamp, actor, actorId, target, message, refType, refId, refWorkspaceId) VALUES ('hai-010', 'agent_idle', 'quantum', '2026-06-30T04:07:00Z', 'David Kim', 'agent-david', 'UT-003', 'Standing by after benchmark suite run', 'ticket', 'UT-003', 'quantum');
INSERT INTO home_activity_events (id, kind, workspaceId, timestamp, actor, actorId, target, message, refType, refId, refWorkspaceId) VALUES ('htc-010', 'ticket_executing', 'quantum', '2026-06-30T06:55:00Z', 'Zara Patel', 'agent-zara', 'UT-014', 'Deformable object grasp policy moved to EXECUTING', 'ticket', 'UT-014', 'quantum');
INSERT INTO home_activity_events (id, kind, workspaceId, timestamp, actor, actorId, target, message, refType, refId, refWorkspaceId) VALUES ('htr-010', 'ticket_review', 'quantum', '2026-06-30T05:59:00Z', 'Fatima Al-Rashid', 'agent-fatima', 'UT-015', 'Eval harness v2 moved to REVIEW', 'ticket', 'UT-015', 'quantum');
INSERT INTO home_activity_events (id, kind, workspaceId, timestamp, actor, actorId, target, message, refType, refId, refWorkspaceId) VALUES ('hsh-010', 'swarm_handoff', 'quantum', '2026-06-30T06:50:00Z', 'Zara Patel', 'agent-zara', 'David Kim', 'shared results · CX-101 cloth set at 78%', 'agent', 'agent-david', 'quantum');
INSERT INTO home_activity_events (id, kind, workspaceId, timestamp, actor, actorId, target, message, refType, refId, refWorkspaceId) VALUES ('hsh-011', 'swarm_handoff', 'quantum', '2026-06-30T06:32:00Z', 'Fatima Al-Rashid', 'agent-fatima', 'Zara Patel', 'queued experiment · CX-102 video replay pipeline', 'agent', 'agent-zara', 'quantum');
INSERT INTO home_activity_events (id, kind, workspaceId, timestamp, actor, actorId, target, message, refType, refId, refWorkspaceId) VALUES ('hsh-012', 'swarm_handoff', 'quantum', '2026-06-30T05:39:00Z', 'Rafael Santos', 'agent-rafael', 'Marcus Webb', 'queued experiment · PL-101 cycle life model v4', 'agent', 'agent-marcus', 'quantum');
INSERT INTO home_activity_events (id, kind, workspaceId, timestamp, actor, actorId, target, message, refType, refId, refWorkspaceId) VALUES ('hpq-010', 'question_pending', 'quantum', '2026-06-30T06:42:00Z', 'Rafael Santos', 'agent-rafael', NULL, 'PL-102 supplier batch lead time — unblocked or keep blocked?', 'agent', 'agent-rafael', 'quantum');
INSERT INTO home_activity_events (id, kind, workspaceId, timestamp, actor, actorId, target, message, refType, refId, refWorkspaceId) VALUES ('hae-020', 'agent_executing', 'field', '2026-06-30T07:00:00Z', 'James Okafor', 'agent-james', 'UT-020', 'Syncing VG-101 offline-first delta with Vanguard field nodes', 'ticket', 'UT-020', 'field');
INSERT INTO home_activity_events (id, kind, workspaceId, timestamp, actor, actorId, target, message, refType, refId, refWorkspaceId) VALUES ('hae-021', 'agent_executing', 'field', '2026-06-30T06:46:00Z', 'Elena Rodriguez', 'agent-elena', 'UT-022', 'Building install kit checklist v2 for Vanguard pilot sites', 'ticket', 'UT-022', 'field');
INSERT INTO home_activity_events (id, kind, workspaceId, timestamp, actor, actorId, target, message, refType, refId, refWorkspaceId) VALUES ('hsh-020', 'swarm_handoff', 'field', '2026-06-30T07:05:00Z', 'James Okafor', 'agent-james', 'Elena Rodriguez', 'shipped patch · VG-101 offline-first sync', 'agent', 'agent-elena', 'field');
INSERT INTO home_activity_events (id, kind, workspaceId, timestamp, actor, actorId, target, message, refType, refId, refWorkspaceId) VALUES ('hsh-021', 'swarm_handoff', 'field', '2026-06-30T06:23:00Z', 'Elena Rodriguez', 'agent-elena', 'James Okafor', 'closed ticket · VG-105 pilot site readiness report', 'agent', 'agent-james', 'field');
INSERT INTO home_activity_events (id, kind, workspaceId, timestamp, actor, actorId, target, message, refType, refId, refWorkspaceId) VALUES ('htm-020', 'ticket_merged', 'field', '2026-06-30T04:27:00Z', 'James Okafor', 'agent-james', 'UT-025', 'VG-105 pilot site readiness report MERGED', 'ticket', 'UT-025', 'field');
INSERT INTO home_activity_events (id, kind, workspaceId, timestamp, actor, actorId, target, message, refType, refId, refWorkspaceId) VALUES ('hae-030', 'agent_executing', 'cs', '2026-06-30T07:01:00Z', 'Luna Park', 'agent-luna', 'UT-030', 'Monitoring HL-104 activation dashboard conversion at 84%', 'ticket', 'UT-030', 'cs');
INSERT INTO home_activity_events (id, kind, workspaceId, timestamp, actor, actorId, target, message, refType, refId, refWorkspaceId) VALUES ('hae-031', 'agent_executing', 'cs', '2026-06-30T06:48:00Z', 'Amelia Foster', 'agent-amelia', 'UT-031', 'Reviewing HL-102 alert playbook for field team', 'ticket', 'UT-031', 'cs');
INSERT INTO home_activity_events (id, kind, workspaceId, timestamp, actor, actorId, target, message, refType, refId, refWorkspaceId) VALUES ('haa-030', 'agent_awaiting_human', 'cs', '2026-06-30T06:54:00Z', 'Amelia Foster', 'agent-amelia', 'HL-102', 'HL-102 field alert taxonomy — awaiting team decision', 'agent', 'agent-amelia', 'cs');
INSERT INTO home_activity_events (id, kind, workspaceId, timestamp, actor, actorId, target, message, refType, refId, refWorkspaceId) VALUES ('hsh-030', 'swarm_handoff', 'cs', '2026-06-30T07:03:00Z', 'Luna Park', 'agent-luna', 'Amelia Foster', 'shared metric · HL-101 wizard conversion at 84%', 'agent', 'agent-amelia', 'cs');
INSERT INTO home_activity_events (id, kind, workspaceId, timestamp, actor, actorId, target, message, refType, refId, refWorkspaceId) VALUES ('hsh-031', 'swarm_handoff', 'cs', '2026-06-30T06:15:00Z', 'Amelia Foster', 'agent-amelia', 'Luna Park', 'requested review · HL-102 alert playbook draft', 'agent', 'agent-luna', 'cs');
INSERT INTO home_activity_events (id, kind, workspaceId, timestamp, actor, actorId, target, message, refType, refId, refWorkspaceId) VALUES ('htm-030', 'ticket_merged', 'cs', '2026-06-30T03:47:00Z', 'Fatima Al-Rashid', 'agent-fatima', 'UT-033', 'HL-103 KB article refresh MERGED', 'ticket', 'UT-033', 'cs');
INSERT INTO home_activity_events (id, kind, workspaceId, timestamp, actor, actorId, target, message, refType, refId, refWorkspaceId) VALUES ('htr-030', 'ticket_review', 'cs', '2026-06-30T05:47:00Z', 'Luna Park', 'agent-luna', 'UT-034', 'HL-104 activation dashboard moved to REVIEW', 'ticket', 'UT-034', 'cs');

-- telemetry
INSERT INTO telemetry (agentId, contextSaturation, tokensPerSecond, currentCost, evolutionLoop, logicKernelIntegrity, sessionCost, budget) VALUES ('agent-elena', 0.62, 142, 4.21, 'v3.4.2', 0.987, 38.74, 80);
INSERT INTO telemetry (agentId, contextSaturation, tokensPerSecond, currentCost, evolutionLoop, logicKernelIntegrity, sessionCost, budget) VALUES ('agent-marcus', 0.78, 198, 7.89, 'v3.4.0', 0.972, 52.1, 80);
INSERT INTO telemetry (agentId, contextSaturation, tokensPerSecond, currentCost, evolutionLoop, logicKernelIntegrity, sessionCost, budget) VALUES ('agent-priya', 0.41, 88, 2.34, 'v3.4.2', 0.994, 19.55, 60);
INSERT INTO telemetry (agentId, contextSaturation, tokensPerSecond, currentCost, evolutionLoop, logicKernelIntegrity, sessionCost, budget) VALUES ('agent-david', 0.83, 211, 8.62, 'v3.4.1', 0.968, 61.22, 80);
INSERT INTO telemetry (agentId, contextSaturation, tokensPerSecond, currentCost, evolutionLoop, logicKernelIntegrity, sessionCost, budget) VALUES ('agent-noah', 0.35, 72, 1.89, 'v3.4.2', 0.991, 14.4, 60);
INSERT INTO telemetry (agentId, contextSaturation, tokensPerSecond, currentCost, evolutionLoop, logicKernelIntegrity, sessionCost, budget) VALUES ('agent-fatima', 0.18, 41, 0.92, 'v3.4.2', 0.998, 7.2, 60);
INSERT INTO telemetry (agentId, contextSaturation, tokensPerSecond, currentCost, evolutionLoop, logicKernelIntegrity, sessionCost, budget) VALUES ('agent-james', 0.55, 124, 3.74, 'v3.4.1', 0.985, 32.18, 80);
INSERT INTO telemetry (agentId, contextSaturation, tokensPerSecond, currentCost, evolutionLoop, logicKernelIntegrity, sessionCost, budget) VALUES ('agent-luna', 0.48, 109, 2.95, 'v3.4.2', 0.989, 26.07, 60);
INSERT INTO telemetry (agentId, contextSaturation, tokensPerSecond, currentCost, evolutionLoop, logicKernelIntegrity, sessionCost, budget) VALUES ('agent-rafael', 0.71, 167, 6.04, 'v3.4.0', 0.974, 44.83, 80);
INSERT INTO telemetry (agentId, contextSaturation, tokensPerSecond, currentCost, evolutionLoop, logicKernelIntegrity, sessionCost, budget) VALUES ('agent-zara', 0.22, 53, 1.18, 'v3.4.2', 0.996, 9.62, 60);
INSERT INTO telemetry (agentId, contextSaturation, tokensPerSecond, currentCost, evolutionLoop, logicKernelIntegrity, sessionCost, budget) VALUES ('agent-takeshi', 0.91, 247, 11.32, 'v3.4.0', 0.821, 78.45, 60);
INSERT INTO telemetry (agentId, contextSaturation, tokensPerSecond, currentCost, evolutionLoop, logicKernelIntegrity, sessionCost, budget) VALUES ('agent-amelia', 0.29, 61, 1.42, 'v3.4.2', 0.993, 11.78, 60);

-- permissions
INSERT INTO permissions (agentId, modelEngine, writeAccess, commitAuthority, maxTokens, writeMessages, installDeps) VALUES ('agent-elena', 'opus-4.1', 1, 'REVIEW_ONLY', 16384, 1, 1);
INSERT INTO permissions (agentId, modelEngine, writeAccess, commitAuthority, maxTokens, writeMessages, installDeps) VALUES ('agent-marcus', 'opus-4.1', 1, 'REVIEW_ONLY', 16384, 1, 1);
INSERT INTO permissions (agentId, modelEngine, writeAccess, commitAuthority, maxTokens, writeMessages, installDeps) VALUES ('agent-priya', 'sonnet-4.5', 1, 'AUTO_MERGE', 8192, 1, 1);
INSERT INTO permissions (agentId, modelEngine, writeAccess, commitAuthority, maxTokens, writeMessages, installDeps) VALUES ('agent-david', 'opus-4.1', 1, 'REVIEW_ONLY', 16384, 1, 0);
INSERT INTO permissions (agentId, modelEngine, writeAccess, commitAuthority, maxTokens, writeMessages, installDeps) VALUES ('agent-noah', 'sonnet-4.5', 1, 'REVIEW_ONLY', 8192, 1, 0);
INSERT INTO permissions (agentId, modelEngine, writeAccess, commitAuthority, maxTokens, writeMessages, installDeps) VALUES ('agent-fatima', 'haiku-4.5', 0, 'REVIEW_ONLY', 4096, 1, 0);
INSERT INTO permissions (agentId, modelEngine, writeAccess, commitAuthority, maxTokens, writeMessages, installDeps) VALUES ('agent-james', 'sonnet-4.5', 1, 'REVIEW_ONLY', 8192, 1, 1);
INSERT INTO permissions (agentId, modelEngine, writeAccess, commitAuthority, maxTokens, writeMessages, installDeps) VALUES ('agent-luna', 'sonnet-4.5', 1, 'AUTO_MERGE', 8192, 1, 1);
INSERT INTO permissions (agentId, modelEngine, writeAccess, commitAuthority, maxTokens, writeMessages, installDeps) VALUES ('agent-rafael', 'opus-4.1', 1, 'REVIEW_ONLY', 16384, 1, 1);
INSERT INTO permissions (agentId, modelEngine, writeAccess, commitAuthority, maxTokens, writeMessages, installDeps) VALUES ('agent-zara', 'opus-4.1', 0, 'REVIEW_ONLY', 16384, 1, 0);
INSERT INTO permissions (agentId, modelEngine, writeAccess, commitAuthority, maxTokens, writeMessages, installDeps) VALUES ('agent-takeshi', 'sonnet-4.5', 1, 'DIRECT_MAIN', 8192, 1, 1);
INSERT INTO permissions (agentId, modelEngine, writeAccess, commitAuthority, maxTokens, writeMessages, installDeps) VALUES ('agent-amelia', 'haiku-4.5', 0, 'REVIEW_ONLY', 4096, 1, 0);

-- action_logs
INSERT INTO action_logs (id, agentId, time, action) VALUES ('e3bc9e82-7024-4d12-805d-e18b150c09a8', 'agent-elena', '09:14', 'Pushed branch ankle-torque-v2');
INSERT INTO action_logs (id, agentId, time, action) VALUES ('8c5a8a18-ee9c-4615-8ddb-f1bdd0f1e8d2', 'agent-elena', '08:55', 'Reviewed PR #482 (firmware signing)');
INSERT INTO action_logs (id, agentId, time, action) VALUES ('ef79a6a7-25db-4c5c-86ee-36fb712f7a3b', 'agent-elena', '08:02', 'Calibrated pilot unit 17');
INSERT INTO action_logs (id, agentId, time, action) VALUES ('72db9f3a-5b5d-4c4c-9f4a-b90d6596aab5', 'agent-elena', '07:33', 'Pulled main');
INSERT INTO action_logs (id, agentId, time, action) VALUES ('13f63e57-6647-4206-93bb-6c84fdeb6c28', 'agent-marcus', '08:45', 'Approved PR #477 (slam-lowlight)');
INSERT INTO action_logs (id, agentId, time, action) VALUES ('d5c7a1ad-9806-4c2c-bd54-c4fc75c4a0ee', 'agent-marcus', '07:10', 'Queued PL-101 training run v4');
INSERT INTO action_logs (id, agentId, time, action) VALUES ('df56fc41-6b5f-4f44-8810-a7c1eab86b5e', 'agent-marcus', '06:50', 'Closed ticket AT-104 thermal model v3');
INSERT INTO action_logs (id, agentId, time, action) VALUES ('838cb0f6-1083-4f8e-904e-27d37e3d18a2', 'agent-marcus', '06:22', 'Updated CX-104 ablation results table');
INSERT INTO action_logs (id, agentId, time, action) VALUES ('37178dc5-3b24-4dea-910e-27dc0de1432e', 'agent-priya', '08:02', 'Marked BC-104 blocked on security review');
INSERT INTO action_logs (id, agentId, time, action) VALUES ('d12be02e-790f-4893-a210-70e2cdfb3f3b', 'agent-priya', '07:55', 'Triggered OTA signing pipeline build');
INSERT INTO action_logs (id, agentId, time, action) VALUES ('45daec8e-3230-45ec-99e1-5f74487defbe', 'agent-priya', '07:30', 'Updated Prometheus exporter config');
INSERT INTO action_logs (id, agentId, time, action) VALUES ('1a0a6504-3997-46df-abaa-57da3df1f96c', 'agent-priya', '07:00', 'Merged auto-merge: AT-108 staging deploy');
INSERT INTO action_logs (id, agentId, time, action) VALUES ('89cfdb95-51b9-41b4-a4ba-fed7fc847bac', 'agent-david', '09:14', 'Rolled out AT-106 to 10% shadow');
INSERT INTO action_logs (id, agentId, time, action) VALUES ('c0f31901-dc2b-4198-8943-18b9065169fc', 'agent-david', '08:50', 'Started CX-103 low-light fine-tune v2');
INSERT INTO action_logs (id, agentId, time, action) VALUES ('fc974e3f-946b-486b-8182-c9f7129e908d', 'agent-david', '08:20', 'Reviewed vision-language-action sweep results');
INSERT INTO action_logs (id, agentId, time, action) VALUES ('f5756087-18b2-494f-bdb6-02ed3e73be15', 'agent-david', '07:45', 'Posted experiment summary to channel');
INSERT INTO action_logs (id, agentId, time, action) VALUES ('8d494095-c9ca-4f2f-9500-e5829815b4bf', 'agent-noah', '07:33', 'Shipped BC-101 raft heartbeat patch');
INSERT INTO action_logs (id, agentId, time, action) VALUES ('263dfe83-ecdf-42b9-8a9b-a367f8658d40', 'agent-noah', '06:18', 'Queued delta-encoded SLAM experiment');
INSERT INTO action_logs (id, agentId, time, action) VALUES ('ae3f4c04-7edc-4628-8ce2-a343b3b971f4', 'agent-noah', '05:55', 'Flagged auth blocker for BC-104');
INSERT INTO action_logs (id, agentId, time, action) VALUES ('7c85822c-1ccf-49b7-8d69-594f2c28e852', 'agent-noah', '05:30', 'Pulled main, rebased BC-102');
INSERT INTO action_logs (id, agentId, time, action) VALUES ('0153be33-9b67-452c-a7fd-8463eef576d1', 'agent-fatima', '08:00', 'Closed ticket HL-103 KB refresh');
INSERT INTO action_logs (id, agentId, time, action) VALUES ('4d05f2f3-6c9b-4958-b2fc-d5449cf4869f', 'agent-fatima', '07:30', 'Pushed CX-102 eval harness PR');
INSERT INTO action_logs (id, agentId, time, action) VALUES ('3ac77857-39cc-470e-b30b-1e18f26679c0', 'agent-fatima', '07:00', 'Updated HL-103 tag taxonomy');
INSERT INTO action_logs (id, agentId, time, action) VALUES ('0d4f49b9-20b4-473e-a0fb-d2cd68acd369', 'agent-fatima', '06:30', 'Restarted eval harness sandbox');
INSERT INTO action_logs (id, agentId, time, action) VALUES ('a623aa2b-38a5-4278-8ed3-9366bd3068ea', 'agent-james', '07:50', 'Shipped VG-101 offline-first sync');
INSERT INTO action_logs (id, agentId, time, action) VALUES ('f43746da-0db7-496e-b0ea-0bb422f2f867', 'agent-james', '07:00', 'Queued VG-103 Prometheus request');
INSERT INTO action_logs (id, agentId, time, action) VALUES ('141a831d-ee17-48c2-a97a-c8bf7a9d8c90', 'agent-james', '06:30', 'Confirmed Memphis and Austin shifts');
INSERT INTO action_logs (id, agentId, time, action) VALUES ('bbf579a4-b750-42e4-b222-ed2ca0537c5e', 'agent-james', '06:00', 'Closed VG-105 pilot site readiness');
INSERT INTO action_logs (id, agentId, time, action) VALUES ('5e450812-629f-430e-9871-8074ca53613a', 'agent-luna', '07:50', 'Posted HL-101 conversion metric (84%)');
INSERT INTO action_logs (id, agentId, time, action) VALUES ('1697b935-c925-4165-9c98-86582dccdf5c', 'agent-luna', '06:42', 'Shipped HL-104 activation dashboard');
INSERT INTO action_logs (id, agentId, time, action) VALUES ('c1c79a41-adee-4a31-8788-0bc417836dcd', 'agent-luna', '06:10', 'Updated HL-101 wizard copy');
INSERT INTO action_logs (id, agentId, time, action) VALUES ('df775707-a1bb-43bc-a0ad-e19c1981b522', 'agent-luna', '05:30', 'Triaged support queue');
INSERT INTO action_logs (id, agentId, time, action) VALUES ('2a46e4f2-4679-495f-8965-804e5054754b', 'agent-rafael', '06:50', 'Queued PL-101 cycle life model v4');
INSERT INTO action_logs (id, agentId, time, action) VALUES ('bab7071b-bed4-4f23-8a89-9e0d7406afaa', 'agent-rafael', '06:00', 'Shared PL-103 thermal data with Marcus');
INSERT INTO action_logs (id, agentId, time, action) VALUES ('0c7eb238-d7fe-4ce1-b781-dc91d1cf4bef', 'agent-rafael', '05:30', 'Calibrated LabVIEW for batch 3');
INSERT INTO action_logs (id, agentId, time, action) VALUES ('b044b8a8-72b3-48d3-bf13-e7c02f843f5f', 'agent-rafael', '05:00', 'Closed PL-104 charging curve simulator');
INSERT INTO action_logs (id, agentId, time, action) VALUES ('c9cbde03-1d1e-42c7-99ad-1db5defeefcf', 'agent-zara', '08:45', 'Posted CX-101 cloth set results (78%)');
INSERT INTO action_logs (id, agentId, time, action) VALUES ('b603f515-451e-452a-9774-327a19b3c8b2', 'agent-zara', '07:30', 'Drafted CX-105 paper outline');
INSERT INTO action_logs (id, agentId, time, action) VALUES ('e558463f-d281-4abc-9f4d-f84c508513f1', 'agent-zara', '06:30', 'Reviewed CX-102 eval harness');
INSERT INTO action_logs (id, agentId, time, action) VALUES ('7350c510-0f45-4b34-921a-1a27ecb8ed91', 'agent-zara', '06:00', 'Started CX-104 ablation sweep');
INSERT INTO action_logs (id, agentId, time, action) VALUES ('0a321212-a1ca-4225-9b7e-b3b3a01f44b8', 'agent-takeshi', '07:55', 'Recovered from auth interceptor rate-limit spike');
INSERT INTO action_logs (id, agentId, time, action) VALUES ('92aeba72-11f1-4e1d-bc0e-753387cb5b3b', 'agent-takeshi', '07:00', 'Diagnosed BC-104 WebSocket endpoint issue');
INSERT INTO action_logs (id, agentId, time, action) VALUES ('d6f9d15f-0d44-43ad-9cd2-91c1e4f84014', 'agent-takeshi', '06:15', 'Closed BC-104 fleet API security review');
INSERT INTO action_logs (id, agentId, time, action) VALUES ('87d57581-2082-42fa-ad88-856ae26860df', 'agent-takeshi', '05:45', 'Pulled main');
INSERT INTO action_logs (id, agentId, time, action) VALUES ('24b18c5d-0ab9-4b4c-a9ac-8c2e03bd44fe', 'agent-amelia', '07:00', 'Requested HL-102 alert taxonomy input');
INSERT INTO action_logs (id, agentId, time, action) VALUES ('392e7a1d-a500-4360-8162-06e22af14d04', 'agent-amelia', '06:15', 'Drafted HL-102 alert playbook');
INSERT INTO action_logs (id, agentId, time, action) VALUES ('7ad5063f-520b-422e-beb1-6fe37db0086d', 'agent-amelia', '05:45', 'Reviewed HL-101 wizard copy');
INSERT INTO action_logs (id, agentId, time, action) VALUES ('421b773f-ec7f-4be8-8915-1b10607cd618', 'agent-amelia', '05:15', 'Pulled main');

-- next_steps
INSERT INTO next_steps (agentId, step) VALUES ('agent-elena', 'Next — Wait for Marcus''s thermal threshold check on ankle-torque-v2');
INSERT INTO next_steps (agentId, step) VALUES ('agent-marcus', 'Next — Land AT-106 review once shadow data clears 24h window');
INSERT INTO next_steps (agentId, step) VALUES ('agent-priya', 'Next — Unblock BC-104 once Takeshi signs off on key rotation');
INSERT INTO next_steps (agentId, step) VALUES ('agent-david', 'Next — Promote CX-103 low-light fine-tune once v2 plateau lands');
INSERT INTO next_steps (agentId, step) VALUES ('agent-noah', 'Next — Sync with Priya on auth scheme once security signs off');
INSERT INTO next_steps (agentId, step) VALUES ('agent-fatima', 'Next — Rest then start CX-102 eval harness review');
INSERT INTO next_steps (agentId, step) VALUES ('agent-james', 'Next — Drive Memphis pilot through VG-101 install sequence');
INSERT INTO next_steps (agentId, step) VALUES ('agent-luna', 'Next — A/B test HL-101 wizard copy against control');
INSERT INTO next_steps (agentId, step) VALUES ('agent-rafael', 'Next — Compare PL-101 v4 against v3 once training completes');
INSERT INTO next_steps (agentId, step) VALUES ('agent-zara', 'Next — Wrap CX-104 ablation and update paper outline');
INSERT INTO next_steps (agentId, step) VALUES ('agent-takeshi', 'Next — Recover from error loop, then resume BC-104 audit');
INSERT INTO next_steps (agentId, step) VALUES ('agent-amelia', 'Next — Consolidate alert taxonomy feedback from James and Luna');

-- cost_usage
INSERT INTO cost_usage (date, cost) VALUES ('May 30', 142.18);
INSERT INTO cost_usage (date, cost) VALUES ('May 31', 158.42);
INSERT INTO cost_usage (date, cost) VALUES ('Jun 1', 134.71);
INSERT INTO cost_usage (date, cost) VALUES ('Jun 2', 121.05);
INSERT INTO cost_usage (date, cost) VALUES ('Jun 3', 168.94);
INSERT INTO cost_usage (date, cost) VALUES ('Jun 4', 175.32);
INSERT INTO cost_usage (date, cost) VALUES ('Jun 5', 149.18);
INSERT INTO cost_usage (date, cost) VALUES ('Jun 6', 142.66);
INSERT INTO cost_usage (date, cost) VALUES ('Jun 7', 128.4);
INSERT INTO cost_usage (date, cost) VALUES ('Jun 8', 156.83);
INSERT INTO cost_usage (date, cost) VALUES ('Jun 9', 171.22);
INSERT INTO cost_usage (date, cost) VALUES ('Jun 10', 188.04);
INSERT INTO cost_usage (date, cost) VALUES ('Jun 11', 162.95);
INSERT INTO cost_usage (date, cost) VALUES ('Jun 12', 145.71);
INSERT INTO cost_usage (date, cost) VALUES ('Jun 13', 138.59);
INSERT INTO cost_usage (date, cost) VALUES ('Jun 14', 152.18);
INSERT INTO cost_usage (date, cost) VALUES ('Jun 15', 169.45);
INSERT INTO cost_usage (date, cost) VALUES ('Jun 16', 184.62);
INSERT INTO cost_usage (date, cost) VALUES ('Jun 17', 178.31);
INSERT INTO cost_usage (date, cost) VALUES ('Jun 18', 165.08);
INSERT INTO cost_usage (date, cost) VALUES ('Jun 19', 158.94);
INSERT INTO cost_usage (date, cost) VALUES ('Jun 20', 172.16);
INSERT INTO cost_usage (date, cost) VALUES ('Jun 21', 189.72);
INSERT INTO cost_usage (date, cost) VALUES ('Jun 22', 194.05);
INSERT INTO cost_usage (date, cost) VALUES ('Jun 23', 181.4);
INSERT INTO cost_usage (date, cost) VALUES ('Jun 24', 167.83);
INSERT INTO cost_usage (date, cost) VALUES ('Jun 25', 159.27);
INSERT INTO cost_usage (date, cost) VALUES ('Jun 26', 175.91);
INSERT INTO cost_usage (date, cost) VALUES ('Jun 27', 198.34);
INSERT INTO cost_usage (date, cost) VALUES ('Jun 28', 211.5);

-- audit_items
INSERT INTO audit_items (id, type, title, description, timestamp, agentId, scope, prId, touchedFiles) VALUES ('audit-001', 'AUTH_INTERCEPT', 'Elevated scope request — fleet API key rotation', 'Takeshi''s session requested elevated scope for fleet API key rotation. Awaiting human approval before proceeding.', '2026-06-28T08:42:00Z', 'agent-takeshi', 'Fleet API Key Rotation', NULL, null);
INSERT INTO audit_items (id, type, title, description, timestamp, agentId, scope, prId, touchedFiles) VALUES ('audit-002', 'DIFF_REVIEW', 'PR #482 — OTA firmware signing pipeline', 'Marcus needs to review the signing key rotation logic before merge. Touches prod security boundary.', '2026-06-28T07:55:00Z', 'agent-marcus', NULL, 'PR #482', 14);
INSERT INTO audit_items (id, type, title, description, timestamp, agentId, scope, prId, touchedFiles) VALUES ('audit-003', 'AUTH_INTERCEPT', 'Cross-workspace write attempt on Quantum Labs', 'Priya tried to write to a Quantum Labs resource from Acme Robotics session. Confirm intent before continuing.', '2026-06-28T07:11:00Z', 'agent-priya', 'Cross-Workspace Write', NULL, null);
INSERT INTO audit_items (id, type, title, description, timestamp, agentId, scope, prId, touchedFiles) VALUES ('audit-004', 'DIFF_REVIEW', 'PR #485 — Fleet dashboard WebSocket rewrite', 'James''s WebSocket rewrite changes the wire protocol. Needs review from Noah before merge.', '2026-06-27T22:30:00Z', 'agent-james', NULL, 'PR #485', 9);
INSERT INTO audit_items (id, type, title, description, timestamp, agentId, scope, prId, touchedFiles) VALUES ('audit-005', 'AUTH_INTERCEPT', 'Dependency install — vision-language-action package', 'David asked to install a new vision-language-action dependency. Approve or deny.', '2026-06-27T18:08:00Z', 'agent-david', 'Install Dependencies', NULL, null);
INSERT INTO audit_items (id, type, title, description, timestamp, agentId, scope, prId, touchedFiles) VALUES ('audit-006', 'DIFF_REVIEW', 'PR #477 — SLAM under low light', 'David''s SLAM low-light patch — already approved by Marcus, but needs final human sign-off before merge.', '2026-06-27T15:42:00Z', 'agent-david', NULL, 'PR #477', 3);
INSERT INTO audit_items (id, type, title, description, timestamp, agentId, scope, prId, touchedFiles) VALUES ('audit-007', 'AUTH_INTERCEPT', 'Direct main commit — hotfix skip review', 'Takeshi is configured for DIRECT_MAIN. Confirm whether to allow this hotfix to skip review.', '2026-06-27T11:00:00Z', 'agent-takeshi', 'Direct Main Commit', NULL, null);

-- pending_questions
INSERT INTO pending_questions (id, agentId, threadId, messageId, question, options, timestamp) VALUES ('pq-001', 'agent-elena', NULL, NULL, 'Atlas launch clearance — confirm scope of V&V coverage for the new shoulder assembly?', '["Full assembly","Subsystems only","Defer to launch"]', '2026-06-28T09:10:00Z');
INSERT INTO pending_questions (id, agentId, threadId, messageId, question, options, timestamp) VALUES ('pq-002', 'agent-marcus', NULL, NULL, 'PR #482 — should the signing key rotation happen in this PR or a follow-up?', '["This PR","Follow-up PR","Split into 2 PRs"]', '2026-06-28T08:55:00Z');
INSERT INTO pending_questions (id, agentId, threadId, messageId, question, options, timestamp) VALUES ('pq-003', 'agent-noah', NULL, NULL, 'Beacon fleet alert taxonomy — rename ''Stale Heartbeat'' to ''Heartbeat Timeout''?', '["Yes rename","Keep current","Survey team first"]', '2026-06-28T08:30:00Z');
INSERT INTO pending_questions (id, agentId, threadId, messageId, question, options, timestamp) VALUES ('pq-004', 'agent-james', NULL, NULL, 'WebSocket protocol version — bump to v2 in this rewrite or keep v1 compat?', '["v2 only","Dual-stack v1+v2","Maintain v1 compat"]', '2026-06-28T08:00:00Z');

-- channel_messages
INSERT INTO channel_messages (id, channelId, senderName, content, timestamp, isAI) VALUES ('cm-001', 'chan-atlas-launch', 'Elena Rodriguez', 'PR is up — Marcus, can you sanity-check the thermal thresholds?', '2026-06-28T09:14:00Z', 0);
INSERT INTO channel_messages (id, channelId, senderName, content, timestamp, isAI) VALUES ('cm-002', 'chan-atlas-launch', 'Marcus Webb', 'Looking now. The 200ms window might bite us at high torque — let me run a quick sim.', '2026-06-28T09:12:00Z', 0);
INSERT INTO channel_messages (id, channelId, senderName, content, timestamp, isAI) VALUES ('cm-003', 'chan-atlas-launch', 'Priya Sharma', 'Just merged AT-108 to staging. Wizard is live for the next cohort.', '2026-06-27T18:30:00Z', 0);
INSERT INTO channel_messages (id, channelId, senderName, content, timestamp, isAI) VALUES ('cm-004', 'chan-atlas-fw', 'Priya Sharma', 'Waiting on security sign-off before we can rotate keys in prod.', '2026-06-28T08:02:00Z', 0);
INSERT INTO channel_messages (id, channelId, senderName, content, timestamp, isAI) VALUES ('cm-005', 'chan-atlas-fw', 'Takeshi Yamamoto', 'Reviewing the key rotation proposal now. Should have an answer within the hour.', '2026-06-28T07:55:00Z', 0);
INSERT INTO channel_messages (id, channelId, senderName, content, timestamp, isAI) VALUES ('cm-006', 'chan-atlas-perf', 'David Kim', 'Shadow run looks clean — bumping to 10% rollout.', '2026-06-27T22:41:00Z', 0);
INSERT INTO channel_messages (id, channelId, senderName, content, timestamp, isAI) VALUES ('cm-007', 'chan-atlas-perf', 'Marcus Webb', 'Watch the p99 closely. If we see >800ms I''ll roll back.', '2026-06-27T22:38:00Z', 0);
INSERT INTO channel_messages (id, channelId, senderName, content, timestamp, isAI) VALUES ('cm-008', 'chan-atlas-battery', 'Marcus Webb', 'Thermal model locked. Closing this out.', '2026-06-26T17:10:00Z', 0);
INSERT INTO channel_messages (id, channelId, senderName, content, timestamp, isAI) VALUES ('cm-009', 'chan-atlas-battery', 'Rafael Santos', 'Confirmed — solid-state cells hold the line under our test profile.', '2026-06-26T16:55:00Z', 0);
INSERT INTO channel_messages (id, channelId, senderName, content, timestamp, isAI) VALUES ('cm-010', 'chan-beacon-lead', 'Noah Chen', 'Switched to Raft with 200ms heartbeat — replays are clean now.', '2026-06-28T07:33:00Z', 0);
INSERT INTO channel_messages (id, channelId, senderName, content, timestamp, isAI) VALUES ('cm-011', 'chan-beacon-lead', 'James Okafor', 'Field test scheduled for tomorrow — I''ll bring back the failover matrix.', '2026-06-28T07:00:00Z', 0);
INSERT INTO channel_messages (id, channelId, senderName, content, timestamp, isAI) VALUES ('cm-012', 'chan-beacon-slam', 'James Okafor', 'Map diff bandwidth is 12% lower with delta encoding.', '2026-06-27T20:15:00Z', 0);
INSERT INTO channel_messages (id, channelId, senderName, content, timestamp, isAI) VALUES ('cm-013', 'chan-beacon-slam', 'David Kim', 'Nice. That should fit comfortably in the per-robot cache budget.', '2026-06-27T20:00:00Z', 0);
INSERT INTO channel_messages (id, channelId, senderName, content, timestamp, isAI) VALUES ('cm-014', 'chan-beacon-sec', 'Takeshi Yamamoto', 'Findings shipped, recommendations merged.', '2026-06-25T13:00:00Z', 0);
INSERT INTO channel_messages (id, channelId, senderName, content, timestamp, isAI) VALUES ('cm-015', 'chan-cortex-deform', 'Zara Patel', 'Diffusion policy is at 78% on the cloth set — pushing to 85% by Friday.', '2026-06-28T08:45:00Z', 0);
INSERT INTO channel_messages (id, channelId, senderName, content, timestamp, isAI) VALUES ('cm-016', 'chan-cortex-deform', 'David Kim', 'Want me to queue a fine-tune tonight?', '2026-06-28T08:30:00Z', 0);
INSERT INTO channel_messages (id, channelId, senderName, content, timestamp, isAI) VALUES ('cm-017', 'chan-cortex-eval', 'Fatima Al-Rashid', 'Need a second pass on the video replay pipeline before this lands.', '2026-06-27T19:20:00Z', 0);
INSERT INTO channel_messages (id, channelId, senderName, content, timestamp, isAI) VALUES ('cm-018', 'chan-pulse-thermal', 'Rafael Santos', 'Solid-state cells hold the line — needs one more validation cycle.', '2026-06-27T16:08:00Z', 0);
INSERT INTO channel_messages (id, channelId, senderName, content, timestamp, isAI) VALUES ('cm-019', 'chan-pulse-thermal', 'Marcus Webb', 'I''ll fold the data into PL-101 v5 once you ship the validation.', '2026-06-27T16:00:00Z', 0);
INSERT INTO channel_messages (id, channelId, senderName, content, timestamp, isAI) VALUES ('cm-020', 'chan-pulse-supplier', 'Rafael Santos', 'Batch 3 samples arriving Friday — need a LabVIEW calibration update.', '2026-06-26T14:33:00Z', 0);
INSERT INTO channel_messages (id, channelId, senderName, content, timestamp, isAI) VALUES ('cm-021', 'chan-vanguard-survey', 'James Okafor', 'Offline-first sync landed — testing at the Memphis pilot tomorrow.', '2026-06-28T05:42:00Z', 0);
INSERT INTO channel_messages (id, channelId, senderName, content, timestamp, isAI) VALUES ('cm-022', 'chan-vanguard-survey', 'Elena Rodriguez', 'Sweet. I''ll ride along and capture install time metrics.', '2026-06-28T05:30:00Z', 0);
INSERT INTO channel_messages (id, channelId, senderName, content, timestamp, isAI) VALUES ('cm-023', 'chan-vanguard-diag', 'James Okafor', 'Need a Prometheus exporter for the new telemetry stream.', '2026-06-27T18:55:00Z', 0);
INSERT INTO channel_messages (id, channelId, senderName, content, timestamp, isAI) VALUES ('cm-024', 'chan-vanguard-diag', 'Priya Sharma', 'On it. Will have a draft exporter up by EOD.', '2026-06-27T18:40:00Z', 0);
INSERT INTO channel_messages (id, channelId, senderName, content, timestamp, isAI) VALUES ('cm-025', 'chan-vanguard-oncall', 'Luna Park', 'Memphis and Austin shifts confirmed for next week.', '2026-06-26T12:10:00Z', 0);
INSERT INTO channel_messages (id, channelId, senderName, content, timestamp, isAI) VALUES ('cm-026', 'chan-helios-wizard', 'Luna Park', 'Conversion to first task is at 84% on the new flow.', '2026-06-28T07:50:00Z', 0);
INSERT INTO channel_messages (id, channelId, senderName, content, timestamp, isAI) VALUES ('cm-027', 'chan-helios-wizard', 'Amelia Foster', 'Workspace setup step is still the drop-off point. Looping in James on copy.', '2026-06-28T07:40:00Z', 0);
INSERT INTO channel_messages (id, channelId, senderName, content, timestamp, isAI) VALUES ('cm-028', 'chan-helios-alerts', 'Amelia Foster', 'Need input on which field alerts are noisy vs. useful.', '2026-06-27T15:00:00Z', 0);
INSERT INTO channel_messages (id, channelId, senderName, content, timestamp, isAI) VALUES ('cm-029', 'chan-helios-kb', 'Fatima Al-Rashid', 'Top 20 articles updated and re-tagged.', '2026-06-25T09:20:00Z', 0);
INSERT INTO channel_messages (id, channelId, senderName, content, timestamp, isAI) VALUES ('cm-030', 'chan-helios-kb', 'Luna Park', 'Published. Will monitor search-to-resolution time over the next week.', '2026-06-25T09:15:00Z', 0);

-- chat_quick_start
INSERT INTO chat_quick_start (id, icon, label, description, category) VALUES ('b0db9a7d-4755-4583-b1ae-57e149d7317c', 'Sparkles', 'Sprint planning', 'Pull open tickets, group by epic, propose a 2-week plan.', 'Project');
INSERT INTO chat_quick_start (id, icon, label, description, category) VALUES ('4fdf165b-251e-44d8-ab52-5c2d86f178dd', 'GitPullRequest', 'Review a PR', 'Summarize diff, surface risks, draft review comments.', 'Engineering');
INSERT INTO chat_quick_start (id, icon, label, description, category) VALUES ('f1e598dd-1bae-4af9-8c60-fae156ee3153', 'Bug', 'Triage a bug report', 'Reproduce, prioritize, assign, draft a fix plan.', 'Engineering');
INSERT INTO chat_quick_start (id, icon, label, description, category) VALUES ('d5c53d8a-4230-4b56-98a7-2883477f0b74', 'FileText', 'Draft release notes', 'Compile merged work since the last release into customer-facing notes.', 'Communication');
INSERT INTO chat_quick_start (id, icon, label, description, category) VALUES ('11059888-6058-403f-9924-fc3eff53c57a', 'BarChart3', 'Cost review', 'Break down last week''s agent spend by project and flag outliers.', 'Operations');
INSERT INTO chat_quick_start (id, icon, label, description, category) VALUES ('99e0335f-7683-458f-aea9-42be18ccc697', 'Users', 'Onboard a new pilot', 'Spin up workspace, install kit checklist, schedule first sync.', 'Customer Success');

-- integrations (6 providers, all disconnected)
INSERT INTO integrations (id, provider, label, connected, api_key, base_url, config_json, updated_at) VALUES ('int-github', 'github', 'GitHub', 0, NULL, NULL, NULL, '2026-06-01T00:00:00.000Z');
INSERT INTO integrations (id, provider, label, connected, api_key, base_url, config_json, updated_at) VALUES ('int-slack', 'slack', 'Slack', 0, NULL, NULL, NULL, '2026-06-01T00:00:00.000Z');
INSERT INTO integrations (id, provider, label, connected, api_key, base_url, config_json, updated_at) VALUES ('int-linear', 'linear', 'Linear', 0, NULL, NULL, NULL, '2026-06-01T00:00:00.000Z');
INSERT INTO integrations (id, provider, label, connected, api_key, base_url, config_json, updated_at) VALUES ('int-notion', 'notion', 'Notion', 0, NULL, NULL, NULL, '2026-06-01T00:00:00.000Z');
INSERT INTO integrations (id, provider, label, connected, api_key, base_url, config_json, updated_at) VALUES ('int-jira', 'jira', 'Jira', 0, NULL, NULL, NULL, '2026-06-01T00:00:00.000Z');
INSERT INTO integrations (id, provider, label, connected, api_key, base_url, config_json, updated_at) VALUES ('int-webhook', 'webhook', 'Webhook', 0, NULL, NULL, NULL, '2026-06-01T00:00:00.000Z');

-- channel_participants (seeded from existing channel participants)
INSERT INTO channel_participants (channel_id, agent_id, participant_type, can_read, can_write, joined_at) VALUES ('chan-atlas-launch', 'agent-elena', 'agent', 1, 1, '2026-06-01T00:00:00.000Z');
INSERT INTO channel_participants (channel_id, agent_id, participant_type, can_read, can_write, joined_at) VALUES ('chan-atlas-launch', 'agent-marcus', 'agent', 1, 1, '2026-06-01T00:00:00.000Z');
INSERT INTO channel_participants (channel_id, agent_id, participant_type, can_read, can_write, joined_at) VALUES ('chan-atlas-launch', 'agent-priya', 'agent', 1, 1, '2026-06-01T00:00:00.000Z');
INSERT INTO channel_participants (channel_id, agent_id, participant_type, can_read, can_write, joined_at) VALUES ('chan-beacon-lead', 'agent-noah', 'agent', 1, 1, '2026-06-01T00:00:00.000Z');
INSERT INTO channel_participants (channel_id, agent_id, participant_type, can_read, can_write, joined_at) VALUES ('chan-beacon-lead', 'agent-james', 'agent', 1, 1, '2026-06-01T00:00:00.000Z');
INSERT INTO channel_participants (channel_id, agent_id, participant_type, can_read, can_write, joined_at) VALUES ('chan-beacon-slam', 'agent-james', 'agent', 1, 1, '2026-06-01T00:00:00.000Z');
INSERT INTO channel_participants (channel_id, agent_id, participant_type, can_read, can_write, joined_at) VALUES ('chan-beacon-slam', 'agent-david', 'agent', 1, 1, '2026-06-01T00:00:00.000Z');
INSERT INTO channel_participants (channel_id, agent_id, participant_type, can_read, can_write, joined_at) VALUES ('chan-cortex-deform', 'agent-zara', 'agent', 1, 1, '2026-06-01T00:00:00.000Z');
INSERT INTO channel_participants (channel_id, agent_id, participant_type, can_read, can_write, joined_at) VALUES ('chan-cortex-deform', 'agent-david', 'agent', 1, 1, '2026-06-01T00:00:00.000Z');
INSERT INTO channel_participants (channel_id, agent_id, participant_type, can_read, can_write, joined_at) VALUES ('chan-cortex-eval', 'agent-fatima', 'agent', 1, 1, '2026-06-01T00:00:00.000Z');
INSERT INTO channel_participants (channel_id, agent_id, participant_type, can_read, can_write, joined_at) VALUES ('chan-cortex-eval', 'agent-zara', 'agent', 1, 1, '2026-06-01T00:00:00.000Z');
INSERT INTO channel_participants (channel_id, agent_id, participant_type, can_read, can_write, joined_at) VALUES ('chan-pulse-thermal', 'agent-rafael', 'agent', 1, 1, '2026-06-01T00:00:00.000Z');
INSERT INTO channel_participants (channel_id, agent_id, participant_type, can_read, can_write, joined_at) VALUES ('chan-pulse-thermal', 'agent-marcus', 'agent', 1, 1, '2026-06-01T00:00:00.000Z');
INSERT INTO channel_participants (channel_id, agent_id, participant_type, can_read, can_write, joined_at) VALUES ('chan-pulse-supplier', 'agent-rafael', 'agent', 1, 1, '2026-06-01T00:00:00.000Z');
INSERT INTO channel_participants (channel_id, agent_id, participant_type, can_read, can_write, joined_at) VALUES ('chan-pulse-supplier', 'agent-priya', 'agent', 1, 1, '2026-06-01T00:00:00.000Z');
INSERT INTO channel_participants (channel_id, agent_id, participant_type, can_read, can_write, joined_at) VALUES ('chan-vanguard-survey', 'agent-james', 'agent', 1, 1, '2026-06-01T00:00:00.000Z');
INSERT INTO channel_participants (channel_id, agent_id, participant_type, can_read, can_write, joined_at) VALUES ('chan-vanguard-survey', 'agent-elena', 'agent', 1, 1, '2026-06-01T00:00:00.000Z');
INSERT INTO channel_participants (channel_id, agent_id, participant_type, can_read, can_write, joined_at) VALUES ('chan-vanguard-diag', 'agent-james', 'agent', 1, 1, '2026-06-01T00:00:00.000Z');
INSERT INTO channel_participants (channel_id, agent_id, participant_type, can_read, can_write, joined_at) VALUES ('chan-vanguard-diag', 'agent-priya', 'agent', 1, 1, '2026-06-01T00:00:00.000Z');
INSERT INTO channel_participants (channel_id, agent_id, participant_type, can_read, can_write, joined_at) VALUES ('chan-vanguard-oncall', 'agent-james', 'agent', 1, 1, '2026-06-01T00:00:00.000Z');
INSERT INTO channel_participants (channel_id, agent_id, participant_type, can_read, can_write, joined_at) VALUES ('chan-vanguard-oncall', 'agent-luna', 'agent', 1, 1, '2026-06-01T00:00:00.000Z');
INSERT INTO channel_participants (channel_id, agent_id, participant_type, can_read, can_write, joined_at) VALUES ('chan-helios-wizard', 'agent-luna', 'agent', 1, 1, '2026-06-01T00:00:00.000Z');
INSERT INTO channel_participants (channel_id, agent_id, participant_type, can_read, can_write, joined_at) VALUES ('chan-helios-wizard', 'agent-amelia', 'agent', 1, 1, '2026-06-01T00:00:00.000Z');
INSERT INTO channel_participants (channel_id, agent_id, participant_type, can_read, can_write, joined_at) VALUES ('chan-helios-alerts', 'agent-amelia', 'agent', 1, 1, '2026-06-01T00:00:00.000Z');
INSERT INTO channel_participants (channel_id, agent_id, participant_type, can_read, can_write, joined_at) VALUES ('chan-helios-alerts', 'agent-james', 'agent', 1, 1, '2026-06-01T00:00:00.000Z');
INSERT INTO channel_participants (channel_id, agent_id, participant_type, can_read, can_write, joined_at) VALUES ('chan-helios-kb', 'agent-fatima', 'agent', 1, 1, '2026-06-01T00:00:00.000Z');
INSERT INTO channel_participants (channel_id, agent_id, participant_type, can_read, can_write, joined_at) VALUES ('chan-helios-kb', 'agent-luna', 'agent', 1, 1, '2026-06-01T00:00:00.000Z');

